-- phpMyAdmin SQL Dump
-- version 5.2.1
-- https://www.phpmyadmin.net/
--
-- Host: localhost
-- Generation Time: May 23, 2023 at 09:05 AM
-- Server version: 10.6.12-MariaDB
-- PHP Version: 7.2.34

SET SQL_MODE = "NO_AUTO_VALUE_ON_ZERO";
START TRANSACTION;
SET time_zone = "+00:00";


/*!40101 SET @OLD_CHARACTER_SET_CLIENT=@@CHARACTER_SET_CLIENT */;
/*!40101 SET @OLD_CHARACTER_SET_RESULTS=@@CHARACTER_SET_RESULTS */;
/*!40101 SET @OLD_COLLATION_CONNECTION=@@COLLATION_CONNECTION */;
/*!40101 SET NAMES utf8mb4 */;

--
-- Database: `COS20031`
--

-- --------------------------------------------------------

--
-- Table structure for table `archer`
--

CREATE TABLE `archer` (
  `firstName` varchar(50) NOT NULL,
  `dateOfBirth` date NOT NULL,
  `genderID` int(11) NOT NULL,
  `archerID` int(11) NOT NULL,
  `lastName` varchar(50) NOT NULL
) ENGINE=InnoDB DEFAULT CHARSET=latin1 COLLATE=latin1_swedish_ci;

--
-- Dumping data for table `archer`
--

INSERT INTO `archer` (`firstName`, `dateOfBirth`, `genderID`, `archerID`, `lastName`) VALUES
('Jane', '1978-03-25', 2, 1, 'Doe'),
('Sophie', '2001-08-14', 2, 2, 'Smith'),
('Emma', '1965-12-22', 2, 3, 'Johnson'),
('John', '1989-04-19', 1, 4, 'Noe'),
('Jack', '1997-01-30', 1, 5, 'Gorelli'),
('James', '2003-07-05', 1, 6, 'Cliss'),
('Olwen', '1968-02-15', 2, 7, 'Smallsman'),
('Binni', '1981-05-03', 2, 8, 'Hissett'),
('Gigi', '1972-09-08', 2, 9, 'Gorelli'),
('Lamond', '1995-10-27', 1, 10, 'MacGillivrie'),
('Georgy', '2005-12-17', 1, 11, 'McKerrow'),
('Ulrick', '1967-08-01', 1, 12, 'Ablewhite'),
('Analise', '1986-03-11', 2, 13, 'Sanper'),
('Davine', '1999-02-06', 2, 14, 'Towndrow'),
('Frayda', '1975-07-28', 2, 15, 'Liversidge'),
('Stewart', '2007-01-01', 1, 16, 'Ablewhite'),
('Rolf', '1963-11-24', 1, 17, 'Ferenc'),
('Jarib', '1984-05-13', 1, 18, 'DeRoberto'),
('Dorita', '1991-06-04', 2, 19, 'Foy'),
('Lurette', '1979-09-23', 2, 20, 'Lassetter'),
('Mallory', '2000-04-29', 2, 21, 'Cohen'),
('Allen', '1966-10-16', 1, 22, 'Umbers'),
('Brand', '1996-08-09', 1, 23, 'Selman'),
('Bren', '1992-11-07', 1, 24, 'McReedy'),
('Aile', '1985-06-12', 2, 25, 'Wraxall'),
('Lizzy', '1966-10-16', 2, 26, 'Chagg'),
('Malanie', '1963-11-24', 2, 27, 'Jozefowicz'),
('Ransell', '1990-02-15', 1, 28, 'Skynner'),
('Maynard', '1973-08-12', 1, 29, 'Treen'),
('Stewart', '1983-11-27', 1, 30, 'Hamerton'),
('Jenni', '1990-03-11', 2, 31, 'Ygoe'),
('Eddi', '1977-02-19', 2, 32, 'Peppin'),
('Emma', '1993-01-05', 2, 33, 'Trowl'),
('Gare', '1980-12-30', 1, 34, 'Ambrogelli'),
('Nowell', '1987-04-09', 1, 35, 'Tournie'),
('Krishnah', '1975-05-15', 1, 36, 'Lyle'),
('Emmalee', '1985-03-20', 2, 37, 'Fattorini'),
('Emili', '2003-06-10', 2, 38, 'Windle'),
('Gertie', '1999-07-01', 2, 39, 'Valentinuzzi'),
('George', '1981-08-22', 1, 40, 'Sotworth'),
('Rolf', '2000-09-13', 1, 41, 'Emburey'),
('Gabe', '1978-10-03', 1, 42, 'Huddles'),
('Leigh', '1989-02-18', 2, 43, 'Lanfear'),
('Marylin', '1976-12-24', 2, 44, 'Bernardos'),
('Nancee', '1998-01-09', 2, 45, 'Froude'),
('Vernen', '1984-05-25', 1, 46, 'Bernardos'),
('Alvie', '2002-04-16', 1, 47, 'Oganesian'),
('Brocky', '1995-03-07', 1, 48, 'Mockler');

-- --------------------------------------------------------

--
-- Table structure for table `category_lookup`
--

CREATE TABLE `category_lookup` (
  `categoryID` int(11) NOT NULL,
  `classID` int(25) NOT NULL,
  `divisionID` int(25) NOT NULL
) ENGINE=InnoDB DEFAULT CHARSET=latin1 COLLATE=latin1_swedish_ci;

--
-- Dumping data for table `category_lookup`
--

INSERT INTO `category_lookup` (`categoryID`, `classID`, `divisionID`) VALUES
(1, 1, 1),
(2, 1, 2),
(3, 1, 3),
(4, 1, 4),
(5, 1, 5),
(6, 2, 1),
(7, 2, 2),
(8, 2, 3),
(9, 2, 4),
(10, 2, 5),
(11, 3, 1),
(12, 3, 2),
(13, 3, 3),
(14, 3, 4),
(15, 3, 5),
(16, 4, 1),
(17, 4, 2),
(18, 4, 3),
(19, 4, 4),
(20, 4, 5),
(21, 5, 1),
(22, 5, 2),
(23, 5, 3),
(24, 5, 4),
(25, 5, 5),
(26, 6, 1),
(27, 6, 2),
(28, 6, 3),
(29, 6, 4),
(30, 6, 5),
(31, 7, 1),
(32, 7, 2),
(33, 7, 3),
(34, 7, 4),
(35, 7, 5),
(36, 8, 1),
(37, 8, 2),
(38, 8, 3),
(39, 8, 4),
(40, 8, 5),
(41, 9, 1),
(42, 9, 2),
(43, 9, 3),
(44, 9, 4),
(45, 9, 5),
(46, 10, 1),
(47, 10, 2),
(48, 10, 3),
(49, 10, 4),
(50, 10, 5),
(51, 11, 1),
(52, 11, 2),
(53, 11, 3),
(54, 11, 4),
(55, 11, 5),
(56, 12, 1),
(57, 12, 2),
(58, 12, 3),
(59, 12, 4),
(60, 12, 5),
(61, 13, 1),
(62, 13, 2),
(63, 13, 3),
(64, 13, 4),
(65, 13, 5),
(66, 14, 1),
(67, 14, 2),
(68, 14, 3),
(69, 14, 4),
(70, 14, 5),
(71, 15, 1),
(72, 15, 2),
(73, 15, 3),
(74, 15, 4),
(75, 15, 5),
(76, 16, 1),
(77, 16, 2),
(78, 16, 3),
(79, 16, 4),
(80, 16, 5);

-- --------------------------------------------------------

--
-- Table structure for table `class_lookup`
--

CREATE TABLE `class_lookup` (
  `classID` int(11) NOT NULL,
  `classDescription` varchar(255) NOT NULL
) ENGINE=InnoDB DEFAULT CHARSET=latin1 COLLATE=latin1_swedish_ci;

--
-- Dumping data for table `class_lookup`
--

INSERT INTO `class_lookup` (`classID`, `classDescription`) VALUES
(1, 'Female Open'),
(2, 'Male Open'),
(3, '50+ Female'),
(4, '50+ Male'),
(5, '60+ Female'),
(6, '60+ Male'),
(7, '70+ Female'),
(8, '70+ Male'),
(9, 'Under 21 Female'),
(10, 'Under 21 Male'),
(11, 'Under 18 Female'),
(12, 'Under 18 Male'),
(13, 'Under 16 Female'),
(14, 'Under 16 Male'),
(15, 'Under 14 Female'),
(16, 'Under 14 Male');

-- --------------------------------------------------------

--
-- Table structure for table `club_championship`
--

CREATE TABLE `club_championship` (
  `compID` int(11) NOT NULL,
  `clubChampionshipID` int(11) NOT NULL,
  `clubChampionshipName` varchar(25) NOT NULL,
  `compYear` int(4) NOT NULL
) ENGINE=InnoDB DEFAULT CHARSET=latin1 COLLATE=latin1_swedish_ci;

--
-- Dumping data for table `club_championship`
--

INSERT INTO `club_championship` (`compID`, `clubChampionshipID`, `clubChampionshipName`, `compYear`) VALUES
(1, 4, 'Garden', 2010),
(2, 4, 'Garden', 1994),
(3, 4, 'Clothing', 1992),
(4, 3, 'Books', 1997),
(5, 2, 'Industrial', 2011),
(6, 4, 'Clothing', 1993),
(7, 4, 'Garden', 1997),
(8, 3, 'Industrial', 1992),
(9, 3, 'Shoes', 2004),
(10, 2, 'Sports', 2011);

-- --------------------------------------------------------

--
-- Table structure for table `competition`
--

CREATE TABLE `competition` (
  `compName` varchar(25) NOT NULL,
  `compYear` int(11) NOT NULL,
  `compID` int(11) NOT NULL,
  `roundNo` int(11) NOT NULL
) ENGINE=InnoDB DEFAULT CHARSET=latin1 COLLATE=latin1_swedish_ci;

--
-- Dumping data for table `competition`
--

INSERT INTO `competition` (`compName`, `compYear`, `compID`, `roundNo`) VALUES
('NASDAQ', 2012, 4, 1),
('NYSE', 2010, 7, 2),
('NYSE', 1983, 8, 3),
('NYSE', 2010, 4, 4),
('NYSE', 2000, 7, 5),
('NYSE', 2003, 7, 6),
('NASDAQ', 2007, 3, 7),
('NYSE', 2005, 2, 8),
('NYSE', 1986, 9, 9),
('NYSE', 1995, 5, 10),
('NASDAQ', 2004, 5, 11),
('NYSE', 1999, 7, 12),
('NYSE', 1997, 5, 13),
('NASDAQ', 1992, 5, 14),
('NYSE', 2004, 10, 15),
('NYSE', 2004, 9, 16),
('NASDAQ', 2006, 7, 17),
('NYSE', 1985, 1, 18),
('NYSE', 1997, 1, 19),
('NASDAQ', 2011, 2, 20),
('NASDAQ', 2004, 3, 21),
('NYSE', 1996, 4, 22),
('NASDAQ', 2002, 6, 23),
('NASDAQ', 1996, 10, 24),
('NASDAQ', 1998, 1, 25),
('NYSE', 2007, 1, 26),
('NASDAQ', 2005, 6, 27),
('NASDAQ', 2000, 6, 28),
('NASDAQ', 1998, 10, 29),
('NASDAQ', 2009, 4, 30),
('NASDAQ', 1988, 2, 31),
('NASDAQ', 2001, 3, 32),
('NYSE', 2004, 6, 33),
('NASDAQ', 2004, 3, 34),
('NASDAQ', 1992, 9, 35),
('NYSE', 1994, 2, 36),
('NASDAQ', 1993, 3, 37),
('NYSE', 1995, 10, 38),
('NYSE', 1992, 9, 39),
('NASDAQ', 2012, 5, 40),
('NYSE', 2004, 3, 41),
('NASDAQ', 1994, 6, 42),
('NYSE', 1993, 4, 43),
('NYSE', 2008, 7, 44),
('NYSE', 2001, 9, 45),
('NASDAQ', 1997, 1, 46),
('NYSE', 1996, 7, 47),
('NYSE', 2011, 4, 48),
('NYSE', 2003, 5, 49),
('NASDAQ', 1997, 7, 50),
('NASDAQ', 2008, 10, 51),
('NASDAQ', 2003, 9, 52),
('NYSE', 2003, 4, 53),
('NYSE', 2010, 7, 54),
('NASDAQ', 2005, 5, 55),
('NYSE', 2000, 4, 56),
('NYSE', 2012, 5, 57),
('NASDAQ', 1992, 2, 58),
('NASDAQ', 2008, 4, 59),
('NASDAQ', 2001, 7, 60),
('NASDAQ', 2011, 10, 61),
('NASDAQ', 2008, 8, 62),
('NYSE', 2004, 7, 63),
('NASDAQ', 2008, 1, 64),
('NYSE', 2008, 2, 65),
('NASDAQ', 2006, 7, 66),
('NASDAQ', 2003, 5, 67),
('NYSE', 1992, 7, 68),
('NASDAQ', 1998, 6, 69),
('NYSE', 1990, 2, 70),
('NYSE', 2010, 2, 71),
('NASDAQ', 2007, 4, 72),
('NASDAQ', 1997, 9, 73),
('NASDAQ', 2008, 8, 74),
('NASDAQ', 1987, 6, 75),
('NYSE', 1995, 1, 76),
('NYSE', 2011, 5, 77),
('NYSE', 2004, 3, 78),
('NASDAQ', 1992, 5, 79),
('NASDAQ', 2004, 4, 80),
('NYSE', 1995, 4, 81),
('NYSE', 2001, 2, 82),
('NYSE', 1993, 4, 83),
('NYSE', 2002, 9, 84),
('NYSE', 1986, 8, 85),
('NASDAQ', 1992, 9, 86),
('NYSE', 1997, 6, 87),
('NYSE', 1999, 2, 88),
('NASDAQ', 2000, 8, 89),
('NASDAQ', 2007, 5, 90),
('NASDAQ', 2004, 6, 91),
('NYSE', 2001, 3, 92),
('NYSE', 2004, 9, 93),
('NASDAQ', 2003, 3, 94),
('NYSE', 2001, 6, 95),
('NYSE', 2000, 9, 96),
('NASDAQ', 1994, 7, 97),
('NYSE', 2000, 5, 98),
('NASDAQ', 2013, 7, 99),
('NYSE', 2003, 8, 100),
('NASDAQ', 2012, 7, 101),
('NYSE', 2003, 9, 102),
('NASDAQ', 2006, 9, 103),
('NYSE', 1992, 10, 104),
('NYSE', 2006, 9, 105),
('NASDAQ', 2013, 5, 106),
('NASDAQ', 1996, 9, 107),
('NYSE', 2000, 9, 108),
('NYSE', 2004, 10, 109),
('NYSE', 2000, 1, 110),
('NASDAQ', 1994, 5, 111),
('NYSE', 1994, 8, 112),
('NASDAQ', 1996, 5, 113),
('NYSE', 2001, 5, 114),
('NYSE', 2010, 1, 115);

-- --------------------------------------------------------

--
-- Table structure for table `distance_lookup`
--

CREATE TABLE `distance_lookup` (
  `distanceID` int(11) NOT NULL,
  `distance` int(11) NOT NULL
) ENGINE=InnoDB DEFAULT CHARSET=latin1 COLLATE=latin1_swedish_ci;

--
-- Dumping data for table `distance_lookup`
--

INSERT INTO `distance_lookup` (`distanceID`, `distance`) VALUES
(1, 20),
(2, 30),
(3, 40),
(4, 50),
(5, 60),
(6, 70),
(7, 90);

-- --------------------------------------------------------

--
-- Table structure for table `division_lookup`
--

CREATE TABLE `division_lookup` (
  `divisionID` int(11) NOT NULL,
  `divisionDescription` varchar(50) NOT NULL
) ENGINE=InnoDB DEFAULT CHARSET=latin1 COLLATE=latin1_swedish_ci;

--
-- Dumping data for table `division_lookup`
--

INSERT INTO `division_lookup` (`divisionID`, `divisionDescription`) VALUES
(1, 'Recurve'),
(2, 'Compound'),
(3, 'Recurve Barebow'),
(4, 'Compound Barebow'),
(5, 'Longbow');

-- --------------------------------------------------------

--
-- Table structure for table `end`
--

CREATE TABLE `end` (
  `arrowNo` int(11) NOT NULL,
  `endNo` int(11) NOT NULL,
  `pointsNo` int(11) NOT NULL,
  `center` tinyint(4) NOT NULL DEFAULT 0,
  `distanceID` int(11) NOT NULL,
  `targetFaceID` int(11) NOT NULL,
  `rangeNo` int(11) NOT NULL
) ENGINE=InnoDB DEFAULT CHARSET=latin1 COLLATE=latin1_swedish_ci;

--
-- Dumping data for table `end`
--

INSERT INTO `end` (`arrowNo`, `endNo`, `pointsNo`, `center`, `distanceID`, `targetFaceID`, `rangeNo`) VALUES
(1, 1, 8, 0, 4, 1, 1),
(2, 2, 0, 0, 2, 2, 2),
(3, 3, 9, 0, 3, 2, 3),
(4, 4, 7, 0, 1, 2, 4),
(5, 5, 3, 0, 5, 1, 5),
(6, 6, 7, 0, 5, 2, 6),
(7, 7, 3, 0, 7, 2, 7),
(8, 8, 2, 0, 6, 1, 8),
(9, 9, 10, 1, 5, 2, 9),
(10, 10, 5, 0, 6, 2, 10),
(11, 11, 8, 0, 5, 2, 11),
(12, 12, 8, 0, 5, 2, 12),
(13, 13, 9, 0, 6, 1, 13),
(14, 14, 8, 0, 6, 1, 14),
(15, 15, 6, 0, 3, 2, 15),
(16, 16, 3, 0, 2, 1, 16),
(17, 17, 3, 0, 6, 1, 17),
(18, 18, 6, 0, 2, 1, 18),
(19, 19, 8, 0, 5, 2, 19),
(20, 20, 2, 0, 1, 2, 20),
(21, 21, 9, 0, 1, 2, 21),
(22, 22, 1, 0, 6, 2, 22),
(23, 23, 8, 0, 7, 1, 23),
(24, 24, 0, 0, 3, 2, 24),
(25, 25, 0, 0, 1, 1, 25),
(26, 26, 7, 0, 1, 1, 26),
(27, 27, 5, 0, 3, 2, 27),
(28, 28, 7, 0, 1, 1, 28),
(29, 29, 7, 0, 1, 1, 29),
(30, 30, 4, 0, 4, 1, 30),
(31, 31, 7, 0, 4, 1, 31),
(32, 32, 1, 0, 1, 1, 32),
(33, 33, 4, 0, 5, 1, 33),
(34, 34, 3, 0, 2, 1, 34),
(35, 35, 5, 0, 6, 2, 35),
(36, 36, 0, 0, 3, 1, 36),
(37, 37, 3, 0, 1, 2, 37),
(38, 38, 1, 0, 2, 1, 38),
(39, 39, 3, 0, 4, 2, 39),
(40, 40, 7, 0, 3, 1, 40),
(41, 41, 3, 0, 6, 2, 41),
(42, 42, 5, 0, 4, 2, 42),
(43, 43, 8, 0, 6, 1, 43),
(44, 44, 3, 0, 1, 1, 44),
(45, 45, 2, 0, 5, 1, 45),
(46, 46, 1, 0, 6, 1, 46),
(47, 47, 0, 0, 3, 2, 47),
(48, 48, 9, 0, 7, 2, 48),
(49, 49, 0, 0, 4, 2, 49),
(50, 50, 6, 0, 1, 2, 50),
(51, 51, 3, 0, 1, 1, 51),
(52, 52, 4, 0, 3, 1, 52),
(53, 53, 8, 0, 6, 2, 53),
(54, 54, 9, 0, 6, 1, 54),
(55, 55, 8, 0, 5, 1, 55),
(56, 56, 9, 0, 3, 2, 56),
(57, 57, 1, 0, 6, 1, 57),
(58, 58, 2, 0, 3, 2, 58),
(59, 59, 3, 0, 7, 1, 59),
(60, 60, 8, 0, 5, 1, 60),
(61, 61, 4, 0, 4, 2, 61),
(62, 62, 2, 0, 7, 2, 62),
(63, 63, 3, 0, 4, 2, 63),
(64, 64, 9, 0, 5, 2, 64),
(65, 65, 9, 0, 4, 2, 65),
(66, 66, 7, 0, 4, 1, 66),
(67, 67, 5, 0, 7, 2, 67),
(68, 68, 2, 0, 2, 1, 68),
(69, 69, 3, 0, 1, 2, 69),
(70, 70, 3, 0, 2, 1, 70),
(71, 71, 5, 0, 5, 1, 71),
(72, 72, 5, 0, 3, 2, 72),
(73, 73, 4, 0, 5, 2, 73),
(74, 74, 6, 0, 6, 1, 74),
(75, 75, 2, 0, 3, 1, 75),
(76, 76, 6, 0, 5, 2, 76),
(77, 77, 9, 0, 2, 2, 77),
(78, 78, 3, 0, 5, 1, 78),
(79, 79, 5, 0, 3, 2, 79),
(80, 80, 7, 0, 5, 1, 80),
(81, 81, 7, 0, 1, 1, 81),
(82, 82, 1, 0, 4, 2, 82),
(83, 83, 4, 0, 4, 2, 83),
(84, 84, 7, 0, 2, 2, 84),
(85, 85, 6, 0, 4, 2, 85),
(86, 86, 4, 0, 7, 2, 86),
(87, 87, 4, 0, 5, 2, 87),
(88, 88, 8, 0, 1, 2, 88),
(89, 89, 4, 0, 5, 2, 89),
(90, 90, 9, 0, 6, 2, 90),
(91, 91, 5, 0, 7, 2, 91),
(92, 92, 8, 0, 3, 2, 92),
(93, 93, 3, 0, 4, 1, 93),
(94, 94, 2, 0, 4, 2, 94),
(95, 95, 4, 0, 6, 1, 95),
(96, 96, 2, 0, 3, 1, 96),
(97, 97, 2, 0, 6, 1, 97),
(98, 98, 4, 0, 2, 1, 98),
(99, 99, 4, 0, 7, 1, 99),
(100, 100, 8, 0, 6, 2, 100),
(101, 101, 8, 0, 1, 1, 101),
(102, 102, 8, 0, 2, 2, 102),
(103, 103, 2, 0, 3, 2, 103),
(104, 104, 7, 0, 7, 2, 104),
(105, 105, 6, 0, 3, 1, 105),
(106, 106, 8, 0, 6, 1, 106),
(107, 107, 2, 0, 7, 2, 107),
(108, 108, 7, 0, 2, 2, 108),
(109, 109, 9, 0, 6, 1, 109),
(110, 110, 2, 0, 2, 1, 110),
(111, 111, 5, 0, 4, 1, 111),
(112, 112, 1, 0, 6, 2, 112),
(113, 113, 2, 0, 5, 1, 113),
(114, 114, 2, 0, 5, 2, 114),
(115, 115, 3, 0, 6, 1, 115),
(116, 116, 1, 0, 2, 1, 116),
(117, 117, 1, 0, 4, 1, 117),
(118, 118, 7, 0, 3, 1, 118),
(119, 119, 1, 0, 6, 2, 119),
(120, 120, 6, 0, 1, 1, 120),
(121, 121, 3, 0, 3, 2, 121),
(122, 122, 3, 0, 6, 2, 122),
(123, 123, 2, 0, 2, 1, 123),
(124, 124, 7, 0, 7, 2, 124),
(125, 125, 2, 0, 4, 1, 125),
(126, 126, 7, 0, 2, 1, 126),
(127, 127, 5, 0, 7, 1, 127),
(128, 128, 0, 0, 5, 1, 128),
(129, 129, 1, 0, 1, 1, 129),
(130, 130, 4, 0, 3, 2, 130),
(131, 131, 0, 0, 5, 1, 131),
(132, 132, 3, 0, 7, 2, 132),
(133, 133, 5, 0, 1, 2, 133),
(134, 134, 6, 0, 5, 1, 134),
(135, 135, 5, 0, 3, 2, 135),
(136, 136, 2, 0, 6, 2, 136),
(137, 137, 3, 0, 1, 2, 137),
(138, 138, 4, 0, 2, 2, 138),
(139, 139, 9, 0, 6, 2, 139),
(140, 140, 1, 0, 6, 2, 140),
(141, 141, 5, 0, 6, 2, 141),
(142, 142, 8, 0, 5, 1, 142),
(143, 143, 0, 0, 4, 1, 143),
(144, 144, 0, 0, 6, 1, 144),
(145, 145, 3, 0, 2, 2, 145),
(146, 146, 3, 0, 2, 1, 146),
(147, 147, 9, 0, 5, 1, 147),
(148, 148, 1, 0, 6, 1, 148),
(149, 149, 3, 0, 6, 2, 149),
(150, 150, 6, 0, 3, 1, 150),
(151, 151, 0, 0, 7, 2, 151),
(152, 152, 6, 0, 3, 2, 152),
(153, 153, 3, 0, 7, 2, 153),
(154, 154, 6, 0, 5, 2, 154),
(155, 155, 8, 0, 1, 1, 155),
(156, 156, 3, 0, 4, 1, 156),
(157, 157, 9, 0, 3, 1, 157),
(158, 158, 1, 0, 7, 1, 158),
(159, 159, 7, 0, 5, 1, 159),
(160, 160, 9, 0, 5, 2, 160),
(161, 161, 9, 0, 2, 2, 161),
(162, 162, 7, 0, 5, 2, 162),
(163, 163, 5, 0, 2, 1, 163),
(164, 164, 0, 0, 7, 2, 164),
(165, 165, 1, 0, 3, 2, 165),
(166, 166, 9, 0, 7, 1, 166),
(167, 167, 9, 0, 3, 1, 167),
(168, 168, 4, 0, 3, 2, 168),
(169, 169, 3, 0, 2, 1, 169),
(170, 170, 7, 0, 3, 1, 170),
(171, 171, 5, 0, 1, 1, 171),
(172, 172, 6, 0, 6, 1, 172),
(173, 173, 7, 0, 7, 2, 173),
(174, 174, 8, 0, 6, 1, 174),
(175, 175, 6, 0, 6, 2, 175),
(176, 176, 7, 0, 1, 2, 176),
(177, 177, 2, 0, 7, 1, 177),
(178, 178, 9, 0, 3, 1, 178),
(179, 179, 0, 0, 3, 2, 179),
(180, 180, 4, 0, 7, 1, 180),
(181, 181, 6, 0, 6, 1, 181),
(182, 182, 4, 0, 7, 2, 182),
(183, 183, 9, 0, 1, 2, 183),
(184, 184, 1, 0, 3, 2, 184),
(185, 185, 8, 0, 7, 2, 185),
(186, 186, 5, 0, 6, 2, 186),
(187, 187, 2, 0, 3, 1, 187),
(188, 188, 4, 0, 2, 1, 188),
(189, 189, 3, 0, 1, 1, 189),
(190, 190, 7, 0, 4, 2, 190),
(191, 191, 0, 0, 3, 2, 191),
(192, 192, 6, 0, 1, 1, 192),
(193, 193, 6, 0, 5, 1, 193),
(194, 194, 2, 0, 2, 1, 194),
(195, 195, 8, 0, 3, 1, 195),
(196, 196, 5, 0, 4, 2, 196),
(197, 197, 6, 0, 2, 1, 197),
(198, 198, 9, 0, 6, 2, 198),
(199, 199, 8, 0, 7, 2, 199),
(200, 200, 5, 0, 7, 2, 200),
(201, 201, 6, 0, 1, 2, 201),
(202, 202, 5, 0, 4, 1, 202),
(203, 203, 2, 0, 1, 1, 203),
(204, 204, 7, 0, 2, 2, 204),
(205, 205, 2, 0, 2, 1, 205),
(206, 206, 4, 0, 1, 2, 206),
(207, 207, 9, 0, 3, 2, 207),
(208, 208, 6, 0, 4, 2, 208),
(209, 209, 5, 0, 2, 1, 209),
(210, 210, 1, 0, 1, 2, 210),
(211, 211, 6, 0, 7, 1, 211),
(212, 212, 8, 0, 6, 1, 212),
(213, 213, 0, 0, 4, 2, 213),
(214, 214, 1, 0, 6, 2, 214),
(215, 215, 5, 0, 7, 1, 215),
(216, 216, 4, 0, 1, 1, 216),
(217, 217, 5, 0, 5, 1, 217),
(218, 218, 5, 0, 1, 2, 218),
(219, 219, 6, 0, 5, 2, 219),
(220, 220, 8, 0, 3, 2, 220),
(221, 221, 4, 0, 7, 2, 221),
(222, 222, 8, 0, 2, 1, 222),
(223, 223, 9, 0, 1, 1, 223),
(224, 224, 2, 0, 7, 1, 224),
(225, 225, 4, 0, 5, 2, 225),
(226, 226, 0, 0, 4, 1, 226),
(227, 227, 9, 0, 7, 2, 227),
(228, 228, 1, 0, 7, 1, 228),
(229, 229, 7, 0, 5, 2, 229),
(230, 230, 0, 0, 1, 1, 230),
(231, 231, 2, 0, 4, 1, 231),
(232, 232, 3, 0, 4, 1, 232),
(233, 233, 8, 0, 5, 2, 233),
(234, 234, 4, 0, 5, 1, 234),
(235, 235, 5, 0, 3, 1, 235),
(236, 236, 7, 0, 7, 1, 236),
(237, 237, 3, 0, 1, 1, 237),
(238, 238, 8, 0, 1, 1, 238),
(239, 239, 1, 0, 6, 2, 239),
(240, 240, 2, 0, 2, 1, 240),
(241, 241, 2, 0, 3, 2, 241),
(242, 242, 7, 0, 2, 1, 242),
(243, 243, 7, 0, 7, 2, 243),
(244, 244, 7, 0, 2, 1, 244),
(245, 245, 2, 0, 5, 1, 245),
(246, 246, 4, 0, 7, 2, 246),
(247, 247, 6, 0, 6, 1, 247),
(248, 248, 1, 0, 7, 1, 248),
(249, 249, 4, 0, 7, 1, 249),
(250, 250, 3, 0, 7, 1, 250),
(251, 251, 9, 0, 4, 1, 251),
(252, 252, 0, 0, 4, 2, 252),
(253, 253, 9, 0, 4, 1, 253),
(254, 254, 2, 0, 6, 2, 254),
(255, 255, 2, 0, 6, 2, 255),
(256, 256, 1, 0, 3, 1, 256),
(257, 257, 0, 0, 7, 1, 257),
(258, 258, 1, 0, 7, 2, 258),
(259, 259, 2, 0, 2, 1, 259),
(260, 260, 2, 0, 2, 1, 260),
(261, 261, 2, 0, 2, 1, 261),
(262, 262, 9, 0, 2, 1, 262),
(263, 263, 7, 0, 7, 2, 263),
(264, 264, 4, 0, 2, 2, 264),
(265, 265, 6, 0, 2, 2, 265),
(266, 266, 6, 0, 3, 2, 266),
(267, 267, 6, 0, 4, 1, 267),
(268, 268, 9, 0, 4, 1, 268),
(269, 269, 6, 0, 5, 2, 269),
(270, 270, 6, 0, 7, 2, 270),
(271, 271, 0, 0, 2, 1, 271),
(272, 272, 1, 0, 2, 1, 272),
(273, 273, 4, 0, 1, 1, 273),
(274, 274, 6, 0, 2, 2, 274),
(275, 275, 2, 0, 4, 1, 275),
(276, 276, 1, 0, 7, 2, 276),
(277, 277, 3, 0, 1, 2, 277),
(278, 278, 7, 0, 2, 1, 278),
(279, 279, 1, 0, 2, 2, 279),
(280, 280, 8, 0, 2, 2, 280),
(281, 281, 8, 0, 2, 2, 281),
(282, 282, 6, 0, 7, 1, 282),
(283, 283, 1, 0, 3, 2, 283),
(284, 284, 5, 0, 3, 1, 284),
(285, 285, 1, 0, 2, 1, 285),
(286, 286, 4, 0, 6, 2, 286),
(287, 287, 8, 0, 7, 2, 287),
(288, 288, 2, 0, 4, 2, 288),
(289, 289, 4, 0, 1, 2, 289),
(290, 290, 4, 0, 6, 2, 290),
(291, 291, 0, 0, 4, 1, 291),
(292, 292, 5, 0, 6, 2, 292),
(293, 293, 1, 0, 2, 2, 293),
(294, 294, 3, 0, 2, 1, 294),
(295, 295, 1, 0, 7, 2, 295),
(296, 296, 3, 0, 3, 1, 296),
(297, 297, 8, 0, 4, 2, 297),
(298, 298, 6, 0, 4, 1, 298),
(299, 299, 7, 0, 5, 1, 299),
(300, 300, 7, 0, 1, 1, 300),
(301, 301, 6, 0, 7, 2, 301),
(302, 302, 7, 0, 6, 1, 302),
(303, 303, 1, 0, 3, 2, 303),
(304, 304, 6, 0, 4, 1, 304),
(305, 305, 5, 0, 4, 2, 305),
(306, 306, 7, 0, 3, 2, 306),
(307, 307, 9, 0, 3, 1, 307),
(308, 308, 5, 0, 6, 2, 308),
(309, 309, 1, 0, 5, 1, 309),
(310, 310, 2, 0, 5, 1, 310),
(311, 311, 5, 0, 4, 1, 311),
(312, 312, 6, 0, 1, 1, 312),
(313, 313, 6, 0, 1, 2, 313),
(314, 314, 6, 0, 2, 2, 314),
(315, 315, 2, 0, 1, 2, 315),
(316, 316, 6, 0, 5, 2, 316),
(317, 317, 5, 0, 3, 1, 317),
(318, 318, 6, 0, 7, 1, 318),
(319, 319, 1, 0, 7, 2, 319),
(320, 320, 7, 0, 5, 1, 320),
(321, 321, 9, 0, 2, 2, 321),
(322, 322, 2, 0, 5, 1, 322),
(323, 323, 5, 0, 6, 2, 323),
(324, 324, 4, 0, 7, 2, 324),
(325, 325, 9, 0, 1, 2, 325),
(326, 326, 8, 0, 4, 2, 326),
(327, 327, 0, 0, 6, 1, 327),
(328, 328, 0, 0, 4, 1, 328),
(329, 329, 4, 0, 3, 1, 329),
(330, 330, 4, 0, 3, 2, 330),
(331, 331, 3, 0, 7, 2, 331),
(332, 332, 2, 0, 7, 1, 332),
(333, 333, 6, 0, 6, 1, 333),
(334, 334, 9, 0, 1, 1, 334),
(335, 335, 2, 0, 7, 2, 335),
(336, 336, 3, 0, 7, 1, 336),
(337, 337, 8, 0, 6, 1, 337),
(338, 338, 5, 0, 3, 2, 338),
(339, 339, 2, 0, 7, 1, 339),
(340, 340, 3, 0, 4, 2, 340),
(341, 341, 9, 0, 5, 1, 341),
(342, 342, 5, 0, 7, 2, 342),
(343, 343, 3, 0, 5, 2, 343),
(344, 344, 6, 0, 3, 2, 344),
(345, 345, 5, 0, 1, 1, 345),
(346, 346, 8, 0, 7, 1, 346),
(347, 347, 4, 0, 5, 2, 347),
(348, 348, 1, 0, 6, 1, 348),
(349, 349, 5, 0, 4, 1, 349),
(350, 350, 3, 0, 4, 1, 350),
(351, 351, 2, 0, 6, 2, 351),
(352, 352, 3, 0, 3, 1, 352),
(353, 353, 9, 0, 3, 1, 353),
(354, 354, 7, 0, 2, 2, 354),
(355, 355, 3, 0, 4, 2, 355),
(356, 356, 1, 0, 1, 2, 356),
(357, 357, 5, 0, 6, 2, 357),
(358, 358, 8, 0, 3, 2, 358),
(359, 359, 5, 0, 4, 2, 359),
(360, 360, 9, 0, 6, 2, 360),
(361, 361, 3, 0, 6, 1, 361),
(362, 362, 8, 0, 3, 1, 362),
(363, 363, 2, 0, 4, 2, 363),
(364, 364, 3, 0, 1, 2, 364),
(365, 365, 1, 0, 1, 2, 365),
(366, 366, 0, 0, 5, 1, 366),
(367, 367, 5, 0, 7, 2, 367),
(368, 368, 8, 0, 3, 1, 368),
(369, 369, 1, 0, 3, 1, 369),
(370, 370, 9, 0, 4, 2, 370),
(371, 371, 9, 0, 7, 2, 371),
(372, 372, 8, 0, 2, 1, 372),
(373, 373, 8, 0, 7, 1, 373),
(374, 374, 1, 0, 1, 2, 374),
(375, 375, 0, 0, 7, 1, 375),
(376, 376, 3, 0, 2, 1, 376),
(377, 377, 6, 0, 4, 1, 377),
(378, 378, 3, 0, 2, 1, 378),
(379, 379, 7, 0, 3, 2, 379),
(380, 380, 4, 0, 7, 1, 380),
(381, 381, 9, 0, 4, 2, 381),
(382, 382, 4, 0, 7, 2, 382),
(383, 383, 2, 0, 5, 1, 383),
(384, 384, 9, 0, 3, 1, 384),
(385, 385, 7, 0, 4, 2, 385),
(386, 386, 2, 0, 1, 1, 386),
(387, 387, 5, 0, 7, 2, 387),
(388, 388, 6, 0, 2, 2, 388),
(389, 389, 2, 0, 5, 2, 389),
(390, 390, 7, 0, 3, 1, 390),
(391, 391, 0, 0, 7, 1, 391),
(392, 392, 7, 0, 1, 2, 392),
(393, 393, 4, 0, 5, 1, 393),
(394, 394, 5, 0, 7, 2, 394),
(395, 395, 9, 0, 4, 2, 395),
(396, 396, 7, 0, 3, 2, 396),
(397, 397, 1, 0, 4, 2, 397),
(398, 398, 6, 0, 3, 2, 398),
(399, 399, 0, 0, 2, 1, 399),
(400, 400, 8, 0, 5, 2, 400),
(401, 401, 4, 0, 1, 1, 401),
(402, 402, 5, 0, 7, 2, 402),
(403, 403, 0, 0, 7, 1, 403),
(404, 404, 4, 0, 4, 2, 404),
(405, 405, 7, 0, 2, 2, 405),
(406, 406, 4, 0, 7, 2, 406),
(407, 407, 0, 0, 4, 1, 407),
(408, 408, 5, 0, 1, 1, 408),
(409, 409, 4, 0, 6, 2, 409),
(410, 410, 5, 0, 7, 2, 410),
(411, 411, 4, 0, 7, 2, 411),
(412, 412, 7, 0, 5, 2, 412),
(413, 413, 1, 0, 5, 2, 413),
(414, 414, 5, 0, 1, 2, 414),
(415, 415, 3, 0, 1, 1, 415),
(416, 416, 8, 0, 3, 2, 416),
(417, 417, 4, 0, 4, 2, 417),
(418, 418, 1, 0, 2, 1, 418),
(419, 419, 8, 0, 2, 2, 419),
(420, 420, 4, 0, 3, 1, 420),
(421, 421, 7, 0, 3, 2, 421),
(422, 422, 4, 0, 4, 1, 422),
(423, 423, 6, 0, 7, 2, 423),
(424, 424, 6, 0, 5, 2, 424),
(425, 425, 6, 0, 1, 2, 425),
(426, 426, 9, 0, 4, 1, 426),
(427, 427, 6, 0, 6, 2, 427),
(428, 428, 4, 0, 1, 2, 428),
(429, 429, 9, 0, 1, 1, 429),
(430, 430, 7, 0, 7, 1, 430),
(431, 431, 6, 0, 3, 1, 431),
(432, 432, 3, 0, 6, 2, 432),
(433, 433, 6, 0, 2, 2, 433),
(434, 434, 5, 0, 2, 1, 434),
(435, 435, 0, 0, 1, 1, 435),
(436, 436, 8, 0, 4, 1, 436),
(437, 437, 0, 0, 3, 2, 437),
(438, 438, 9, 0, 1, 2, 438),
(439, 439, 6, 0, 5, 1, 439),
(440, 440, 2, 0, 3, 1, 440),
(441, 441, 9, 0, 6, 2, 441),
(442, 442, 4, 0, 6, 2, 442),
(443, 443, 1, 0, 1, 2, 443),
(444, 444, 3, 0, 6, 1, 444),
(445, 445, 7, 0, 7, 2, 445),
(446, 446, 4, 0, 4, 1, 446),
(447, 447, 1, 0, 5, 1, 447),
(448, 448, 4, 0, 2, 2, 448),
(449, 449, 8, 0, 4, 2, 449),
(450, 450, 5, 0, 6, 1, 450),
(451, 451, 4, 0, 5, 2, 451),
(452, 452, 3, 0, 4, 2, 452),
(453, 453, 4, 0, 1, 1, 453),
(454, 454, 8, 0, 3, 2, 454),
(455, 455, 5, 0, 6, 2, 455),
(456, 456, 3, 0, 1, 2, 456),
(457, 457, 4, 0, 4, 2, 457),
(458, 458, 4, 0, 3, 2, 458),
(459, 459, 9, 0, 4, 1, 459),
(460, 460, 8, 0, 3, 2, 460),
(461, 461, 4, 0, 5, 1, 1),
(462, 462, 4, 0, 2, 2, 2),
(463, 463, 4, 0, 7, 1, 3),
(464, 464, 9, 0, 5, 1, 4),
(465, 465, 8, 0, 3, 2, 5),
(466, 466, 6, 0, 5, 1, 6),
(467, 467, 4, 0, 2, 1, 7),
(468, 468, 4, 0, 5, 2, 8),
(469, 469, 2, 0, 7, 1, 9),
(470, 470, 1, 0, 4, 1, 10),
(471, 471, 5, 0, 3, 2, 11),
(472, 472, 8, 0, 7, 1, 12),
(473, 473, 7, 0, 2, 2, 13),
(474, 474, 1, 0, 4, 2, 14),
(475, 475, 6, 0, 7, 1, 15),
(476, 476, 8, 0, 3, 2, 16),
(477, 477, 2, 0, 2, 2, 17),
(478, 478, 4, 0, 4, 1, 18),
(479, 479, 6, 0, 6, 1, 19),
(480, 480, 4, 0, 7, 2, 20),
(481, 481, 3, 0, 5, 1, 21),
(482, 482, 6, 0, 7, 2, 22),
(483, 483, 7, 0, 4, 1, 23),
(484, 484, 6, 0, 2, 1, 24),
(485, 485, 4, 0, 2, 2, 25),
(486, 486, 9, 0, 1, 2, 26),
(487, 487, 3, 0, 4, 2, 27),
(488, 488, 6, 0, 6, 1, 28),
(489, 489, 1, 0, 2, 2, 29),
(490, 490, 4, 0, 6, 2, 30),
(491, 491, 5, 0, 4, 2, 31),
(492, 492, 5, 0, 7, 2, 32),
(493, 493, 1, 0, 6, 1, 33),
(494, 494, 3, 0, 7, 1, 34),
(495, 495, 8, 0, 1, 2, 35),
(496, 496, 1, 0, 3, 2, 36),
(497, 497, 2, 0, 3, 1, 37),
(498, 498, 9, 0, 4, 2, 38),
(499, 499, 8, 0, 6, 1, 39),
(500, 500, 1, 0, 7, 2, 40),
(501, 501, 8, 0, 6, 1, 41),
(502, 502, 9, 0, 5, 1, 42),
(503, 503, 1, 0, 6, 2, 43),
(504, 504, 7, 0, 7, 2, 44),
(505, 505, 1, 0, 1, 1, 45),
(506, 506, 1, 0, 6, 1, 46),
(507, 507, 2, 0, 3, 1, 47),
(508, 508, 4, 0, 7, 2, 48),
(509, 509, 5, 0, 6, 1, 49),
(510, 510, 0, 0, 1, 2, 50),
(511, 511, 7, 0, 1, 2, 51),
(512, 512, 2, 0, 2, 1, 52),
(513, 513, 8, 0, 3, 1, 53),
(514, 514, 2, 0, 7, 1, 54),
(515, 515, 4, 0, 2, 2, 55),
(516, 516, 8, 0, 3, 2, 56),
(517, 517, 9, 0, 7, 1, 57),
(518, 518, 8, 0, 1, 1, 58),
(519, 519, 9, 0, 6, 2, 59),
(520, 520, 4, 0, 5, 1, 60),
(521, 521, 8, 0, 2, 1, 61),
(522, 522, 2, 0, 3, 2, 62),
(523, 523, 5, 0, 3, 1, 63),
(524, 524, 3, 0, 6, 2, 64),
(525, 525, 5, 0, 5, 1, 65),
(526, 526, 2, 0, 5, 1, 66),
(527, 527, 0, 0, 4, 1, 67),
(528, 528, 4, 0, 5, 2, 68),
(529, 529, 1, 0, 2, 1, 69),
(530, 530, 6, 0, 4, 1, 70),
(531, 531, 2, 0, 5, 1, 71),
(532, 532, 6, 0, 6, 1, 72),
(533, 533, 6, 0, 2, 2, 73),
(534, 534, 7, 0, 6, 1, 74),
(535, 535, 8, 0, 5, 2, 75),
(536, 536, 0, 0, 4, 1, 76),
(537, 537, 5, 0, 5, 2, 77),
(538, 538, 9, 0, 5, 2, 78),
(539, 539, 1, 0, 6, 2, 79),
(540, 540, 5, 0, 4, 2, 80),
(541, 541, 2, 0, 1, 1, 81),
(542, 542, 2, 0, 3, 2, 82),
(543, 543, 8, 0, 7, 1, 83),
(544, 544, 2, 0, 4, 1, 84),
(545, 545, 0, 0, 5, 2, 85),
(546, 546, 3, 0, 2, 2, 86),
(547, 547, 0, 0, 6, 1, 87),
(548, 548, 7, 0, 4, 2, 88),
(549, 549, 8, 0, 4, 1, 89),
(550, 550, 8, 0, 4, 1, 90),
(551, 551, 9, 0, 5, 2, 91),
(552, 552, 4, 0, 6, 1, 92),
(553, 553, 3, 0, 2, 2, 93),
(554, 554, 3, 0, 6, 2, 94),
(555, 555, 2, 0, 1, 1, 95),
(556, 556, 7, 0, 2, 1, 96),
(557, 557, 1, 0, 7, 1, 97),
(558, 558, 7, 0, 1, 1, 98),
(559, 559, 8, 0, 7, 1, 99),
(560, 560, 4, 0, 2, 2, 100),
(561, 561, 6, 0, 5, 1, 101),
(562, 562, 9, 0, 7, 1, 102),
(563, 563, 8, 0, 7, 2, 103),
(564, 564, 4, 0, 5, 2, 104),
(565, 565, 3, 0, 3, 2, 105),
(566, 566, 2, 0, 3, 2, 106),
(567, 567, 0, 0, 5, 1, 107),
(568, 568, 5, 0, 5, 2, 108),
(569, 569, 8, 0, 5, 1, 109),
(570, 570, 4, 0, 5, 1, 110),
(571, 571, 1, 0, 1, 1, 111),
(572, 572, 0, 0, 6, 2, 112),
(573, 573, 8, 0, 5, 2, 113),
(574, 574, 6, 0, 2, 2, 114),
(575, 575, 6, 0, 7, 1, 115),
(576, 576, 2, 0, 2, 2, 116),
(577, 577, 0, 0, 7, 1, 117),
(578, 578, 2, 0, 3, 2, 118),
(579, 579, 6, 0, 3, 1, 119),
(580, 580, 2, 0, 7, 2, 120),
(581, 581, 2, 0, 6, 1, 121),
(582, 582, 9, 0, 4, 1, 122),
(583, 583, 8, 0, 2, 2, 123),
(584, 584, 4, 0, 1, 2, 124),
(585, 585, 7, 0, 1, 1, 125),
(586, 586, 0, 0, 3, 2, 126),
(587, 587, 8, 0, 5, 1, 127),
(588, 588, 0, 0, 2, 2, 128),
(589, 589, 5, 0, 4, 2, 129),
(590, 590, 7, 0, 7, 1, 130),
(591, 591, 3, 0, 1, 2, 131),
(592, 592, 2, 0, 2, 2, 132),
(593, 593, 1, 0, 5, 1, 133),
(594, 594, 3, 0, 4, 1, 134),
(595, 595, 7, 0, 1, 2, 135),
(596, 596, 2, 0, 6, 1, 136),
(597, 597, 9, 0, 5, 2, 137),
(598, 598, 2, 0, 7, 2, 138),
(599, 599, 0, 0, 6, 1, 139),
(600, 600, 6, 0, 2, 1, 140),
(601, 601, 9, 0, 5, 2, 141),
(602, 602, 8, 0, 4, 2, 142),
(603, 603, 4, 0, 2, 2, 143),
(604, 604, 7, 0, 5, 1, 144),
(605, 605, 9, 0, 5, 2, 145),
(606, 606, 7, 0, 1, 1, 146),
(607, 607, 7, 0, 6, 1, 147),
(608, 608, 6, 0, 6, 2, 148),
(609, 609, 7, 0, 2, 2, 149),
(610, 610, 8, 0, 1, 1, 150),
(611, 611, 7, 0, 6, 2, 151),
(612, 612, 8, 0, 1, 2, 152),
(613, 613, 7, 0, 1, 1, 153),
(614, 614, 1, 0, 6, 2, 154),
(615, 615, 4, 0, 7, 1, 155),
(616, 616, 8, 0, 7, 1, 156),
(617, 617, 8, 0, 3, 1, 157),
(618, 618, 8, 0, 3, 2, 158),
(619, 619, 6, 0, 5, 2, 159),
(620, 620, 2, 0, 7, 1, 160),
(621, 621, 6, 0, 4, 1, 161),
(622, 622, 3, 0, 1, 2, 162),
(623, 623, 8, 0, 4, 1, 163),
(624, 624, 8, 0, 6, 2, 164),
(625, 625, 7, 0, 6, 2, 165),
(626, 626, 5, 0, 6, 1, 166),
(627, 627, 7, 0, 6, 1, 167),
(628, 628, 2, 0, 6, 1, 168),
(629, 629, 7, 0, 7, 1, 169),
(630, 630, 7, 0, 7, 1, 170),
(631, 631, 4, 0, 3, 1, 171),
(632, 632, 8, 0, 2, 1, 172),
(633, 633, 2, 0, 1, 2, 173),
(634, 634, 8, 0, 4, 2, 174),
(635, 635, 5, 0, 4, 2, 175),
(636, 636, 5, 0, 2, 1, 176),
(637, 637, 2, 0, 5, 1, 177),
(638, 638, 0, 0, 3, 1, 178),
(639, 639, 9, 0, 4, 1, 179),
(640, 640, 8, 0, 7, 1, 180),
(641, 641, 4, 0, 1, 1, 181),
(642, 642, 2, 0, 5, 1, 182),
(643, 643, 2, 0, 2, 2, 183),
(644, 644, 4, 0, 6, 1, 184),
(645, 645, 3, 0, 4, 1, 185),
(646, 646, 1, 0, 4, 1, 186),
(647, 647, 0, 0, 2, 1, 187),
(648, 648, 2, 0, 2, 1, 188),
(649, 649, 3, 0, 6, 2, 189),
(650, 650, 9, 0, 1, 2, 190),
(651, 651, 3, 0, 3, 2, 191),
(652, 652, 2, 0, 7, 1, 192),
(653, 653, 1, 0, 2, 2, 193),
(654, 654, 1, 0, 3, 2, 194),
(655, 655, 6, 0, 4, 1, 195),
(656, 656, 5, 0, 3, 2, 196),
(657, 657, 6, 0, 5, 1, 197),
(658, 658, 4, 0, 5, 2, 198),
(659, 659, 9, 0, 5, 2, 199),
(660, 660, 0, 0, 2, 1, 200),
(661, 661, 0, 0, 3, 1, 201),
(662, 662, 5, 0, 6, 2, 202),
(663, 663, 1, 0, 1, 1, 203),
(664, 664, 0, 0, 3, 1, 204),
(665, 665, 8, 0, 1, 1, 205),
(666, 666, 6, 0, 4, 1, 206),
(667, 667, 5, 0, 3, 2, 207),
(668, 668, 7, 0, 2, 2, 208),
(669, 669, 4, 0, 7, 1, 209),
(670, 670, 1, 0, 5, 1, 210),
(671, 671, 4, 0, 7, 1, 211),
(672, 672, 6, 0, 4, 2, 212),
(673, 673, 0, 0, 1, 2, 213),
(674, 674, 0, 0, 2, 1, 214),
(675, 675, 0, 0, 5, 1, 215),
(676, 676, 5, 0, 2, 2, 216),
(677, 677, 9, 0, 3, 1, 217),
(678, 678, 4, 0, 7, 1, 218),
(679, 679, 3, 0, 6, 2, 219),
(680, 680, 2, 0, 3, 2, 220),
(681, 681, 1, 0, 6, 1, 221),
(682, 682, 6, 0, 7, 2, 222),
(683, 683, 4, 0, 6, 2, 223),
(684, 684, 6, 0, 4, 2, 224),
(685, 685, 3, 0, 2, 2, 225),
(686, 686, 0, 0, 7, 2, 226),
(687, 687, 8, 0, 5, 2, 227),
(688, 688, 4, 0, 4, 1, 228),
(689, 689, 9, 0, 5, 1, 229),
(690, 690, 9, 0, 5, 1, 230),
(691, 691, 7, 0, 6, 2, 231),
(692, 692, 3, 0, 3, 1, 232),
(693, 693, 4, 0, 5, 2, 233),
(694, 694, 6, 0, 5, 2, 234),
(695, 695, 1, 0, 6, 2, 235),
(696, 696, 4, 0, 2, 1, 236),
(697, 697, 8, 0, 5, 1, 237),
(698, 698, 9, 0, 6, 2, 238),
(699, 699, 1, 0, 1, 2, 239),
(700, 700, 3, 0, 5, 1, 240),
(701, 701, 9, 0, 1, 2, 241),
(702, 702, 9, 0, 7, 2, 242),
(703, 703, 1, 0, 2, 1, 243),
(704, 704, 9, 0, 7, 1, 244),
(705, 705, 0, 0, 6, 2, 245),
(706, 706, 2, 0, 5, 1, 246),
(707, 707, 9, 0, 3, 1, 247),
(708, 708, 9, 0, 3, 1, 248),
(709, 709, 3, 0, 2, 1, 249),
(710, 710, 9, 0, 3, 2, 250),
(711, 711, 6, 0, 4, 1, 251),
(712, 712, 0, 0, 4, 1, 252),
(713, 713, 0, 0, 3, 2, 253),
(714, 714, 5, 0, 6, 2, 254),
(715, 715, 0, 0, 5, 2, 255),
(716, 716, 6, 0, 6, 1, 256),
(717, 717, 8, 0, 2, 1, 257),
(718, 718, 7, 0, 4, 2, 258),
(719, 719, 8, 0, 2, 1, 259),
(720, 720, 7, 0, 1, 1, 260),
(721, 721, 0, 0, 5, 2, 261),
(722, 722, 0, 0, 3, 1, 262),
(723, 723, 8, 0, 5, 1, 263),
(724, 724, 5, 0, 4, 1, 264),
(725, 725, 1, 0, 7, 1, 265),
(726, 726, 6, 0, 5, 1, 266),
(727, 727, 8, 0, 5, 1, 267),
(728, 728, 6, 0, 4, 2, 268),
(729, 729, 6, 0, 4, 1, 269),
(730, 730, 0, 0, 6, 2, 270),
(731, 731, 3, 0, 2, 2, 271),
(732, 732, 1, 0, 3, 2, 272),
(733, 733, 9, 0, 1, 2, 273),
(734, 734, 5, 0, 4, 2, 274),
(735, 735, 7, 0, 5, 1, 275),
(736, 736, 6, 0, 6, 2, 276),
(737, 737, 9, 0, 6, 2, 277),
(738, 738, 6, 0, 1, 2, 278),
(739, 739, 2, 0, 7, 2, 279),
(740, 740, 3, 0, 3, 2, 280),
(741, 741, 9, 0, 4, 1, 281),
(742, 742, 2, 0, 7, 2, 282),
(743, 743, 7, 0, 4, 2, 283),
(744, 744, 3, 0, 3, 1, 284),
(745, 745, 7, 0, 3, 1, 285),
(746, 746, 4, 0, 3, 1, 286),
(747, 747, 5, 0, 6, 1, 287),
(748, 748, 3, 0, 1, 1, 288),
(749, 749, 7, 0, 2, 1, 289),
(750, 750, 1, 0, 3, 2, 290),
(751, 751, 4, 0, 4, 1, 291),
(752, 752, 6, 0, 6, 2, 292),
(753, 753, 5, 0, 4, 2, 293),
(754, 754, 7, 0, 4, 1, 294),
(755, 755, 4, 0, 3, 2, 295),
(756, 756, 7, 0, 7, 2, 296),
(757, 757, 4, 0, 7, 1, 297),
(758, 758, 0, 0, 4, 1, 298),
(759, 759, 5, 0, 2, 1, 299),
(760, 760, 5, 0, 7, 1, 300),
(761, 761, 2, 0, 5, 1, 301),
(762, 762, 6, 0, 5, 1, 302),
(763, 763, 6, 0, 5, 2, 303),
(764, 764, 0, 0, 7, 1, 304),
(765, 765, 2, 0, 5, 2, 305),
(766, 766, 0, 0, 6, 2, 306),
(767, 767, 1, 0, 2, 1, 307),
(768, 768, 4, 0, 7, 2, 308),
(769, 769, 0, 0, 2, 1, 309),
(770, 770, 0, 0, 5, 1, 310),
(771, 771, 5, 0, 2, 2, 311),
(772, 772, 2, 0, 4, 2, 312),
(773, 773, 9, 0, 3, 1, 313),
(774, 774, 8, 0, 4, 1, 314),
(775, 775, 7, 0, 3, 1, 315),
(776, 776, 0, 0, 6, 1, 316),
(777, 777, 8, 0, 5, 2, 317),
(778, 778, 3, 0, 4, 1, 318),
(779, 779, 3, 0, 2, 1, 319),
(780, 780, 1, 0, 1, 2, 320),
(781, 781, 1, 0, 1, 1, 321),
(782, 782, 5, 0, 1, 2, 322),
(783, 783, 0, 0, 6, 2, 323),
(784, 784, 4, 0, 7, 2, 324),
(785, 785, 1, 0, 7, 1, 325),
(786, 786, 0, 0, 7, 1, 326),
(787, 787, 0, 0, 3, 2, 327),
(788, 788, 9, 0, 7, 2, 328),
(789, 789, 3, 0, 7, 1, 329),
(790, 790, 2, 0, 5, 1, 330),
(791, 791, 5, 0, 7, 2, 331),
(792, 792, 6, 0, 3, 2, 332),
(793, 793, 3, 0, 7, 2, 333),
(794, 794, 8, 0, 6, 2, 334),
(795, 795, 0, 0, 2, 1, 335),
(796, 796, 2, 0, 7, 1, 336),
(797, 797, 6, 0, 6, 2, 337),
(798, 798, 5, 0, 2, 1, 338),
(799, 799, 1, 0, 2, 2, 339),
(800, 800, 4, 0, 1, 2, 340),
(801, 801, 4, 0, 7, 2, 341),
(802, 802, 2, 0, 6, 1, 342),
(803, 803, 8, 0, 1, 1, 343),
(804, 804, 8, 0, 7, 2, 344),
(805, 805, 4, 0, 3, 2, 345),
(806, 806, 0, 0, 1, 2, 346),
(807, 807, 5, 0, 4, 1, 347),
(808, 808, 7, 0, 7, 1, 348),
(809, 809, 6, 0, 7, 1, 349),
(810, 810, 1, 0, 7, 2, 350),
(811, 811, 3, 0, 4, 2, 351),
(812, 812, 1, 0, 1, 2, 352),
(813, 813, 1, 0, 6, 1, 353),
(814, 814, 2, 0, 3, 2, 354),
(815, 815, 2, 0, 4, 2, 355),
(816, 816, 8, 0, 7, 1, 356),
(817, 817, 4, 0, 2, 2, 357),
(818, 818, 8, 0, 6, 2, 358),
(819, 819, 0, 0, 2, 2, 359),
(820, 820, 8, 0, 3, 2, 360),
(821, 821, 3, 0, 3, 2, 361),
(822, 822, 8, 0, 5, 1, 362),
(823, 823, 5, 0, 7, 1, 363),
(824, 824, 5, 0, 4, 2, 364),
(825, 825, 6, 0, 1, 2, 365),
(826, 826, 6, 0, 2, 2, 366),
(827, 827, 1, 0, 3, 2, 367),
(828, 828, 4, 0, 4, 1, 368),
(829, 829, 4, 0, 6, 1, 369),
(830, 830, 4, 0, 6, 1, 370),
(831, 831, 5, 0, 5, 2, 371),
(832, 832, 8, 0, 6, 2, 372),
(833, 833, 9, 0, 1, 2, 373),
(834, 834, 6, 0, 5, 2, 374),
(835, 835, 6, 0, 2, 1, 375),
(836, 836, 5, 0, 1, 1, 376),
(837, 837, 4, 0, 5, 1, 377),
(838, 838, 0, 0, 7, 1, 378),
(839, 839, 6, 0, 1, 1, 379),
(840, 840, 5, 0, 2, 2, 380),
(841, 841, 3, 0, 4, 1, 381),
(842, 842, 6, 0, 6, 2, 382),
(843, 843, 9, 0, 6, 1, 383),
(844, 844, 4, 0, 2, 2, 384),
(845, 845, 9, 0, 4, 1, 385),
(846, 846, 5, 0, 6, 2, 386),
(847, 847, 9, 0, 7, 2, 387),
(848, 848, 5, 0, 6, 1, 388),
(849, 849, 0, 0, 7, 1, 389),
(850, 850, 9, 0, 4, 1, 390),
(851, 851, 2, 0, 7, 2, 391),
(852, 852, 4, 0, 3, 2, 392),
(853, 853, 4, 0, 4, 1, 393),
(854, 854, 9, 0, 4, 2, 394),
(855, 855, 5, 0, 5, 2, 395),
(856, 856, 7, 0, 4, 2, 396),
(857, 857, 5, 0, 1, 2, 397),
(858, 858, 7, 0, 5, 1, 398),
(859, 859, 8, 0, 5, 1, 399),
(860, 860, 5, 0, 6, 2, 400),
(861, 861, 8, 0, 2, 2, 401),
(862, 862, 2, 0, 4, 2, 402),
(863, 863, 6, 0, 4, 2, 403),
(864, 864, 1, 0, 7, 1, 404),
(865, 865, 0, 0, 3, 1, 405),
(866, 866, 2, 0, 6, 1, 406),
(867, 867, 9, 0, 5, 2, 407),
(868, 868, 1, 0, 2, 1, 408),
(869, 869, 5, 0, 1, 2, 409),
(870, 870, 4, 0, 3, 1, 410),
(871, 871, 9, 0, 3, 1, 411),
(872, 872, 6, 0, 5, 2, 412),
(873, 873, 5, 0, 6, 1, 413),
(874, 874, 2, 0, 5, 1, 414),
(875, 875, 4, 0, 1, 1, 415),
(876, 876, 2, 0, 1, 1, 416),
(877, 877, 1, 0, 4, 2, 417),
(878, 878, 9, 0, 5, 1, 418),
(879, 879, 6, 0, 3, 1, 419),
(880, 880, 5, 0, 4, 1, 420),
(881, 881, 1, 0, 6, 2, 421),
(882, 882, 0, 0, 4, 1, 422),
(883, 883, 6, 0, 6, 1, 423),
(884, 884, 1, 0, 4, 1, 424),
(885, 885, 0, 0, 7, 2, 425),
(886, 886, 8, 0, 1, 1, 426),
(887, 887, 1, 0, 7, 1, 427),
(888, 888, 2, 0, 5, 1, 428),
(889, 889, 1, 0, 3, 2, 429),
(890, 890, 7, 0, 7, 1, 430),
(891, 891, 1, 0, 4, 2, 431),
(892, 892, 4, 0, 7, 1, 432),
(893, 893, 9, 0, 2, 1, 433),
(894, 894, 9, 0, 7, 1, 434),
(895, 895, 0, 0, 3, 2, 435),
(896, 896, 1, 0, 1, 1, 436),
(897, 897, 5, 0, 7, 1, 437),
(898, 898, 5, 0, 1, 1, 438),
(899, 899, 6, 0, 1, 1, 439),
(900, 900, 0, 0, 6, 1, 440),
(901, 901, 3, 0, 5, 2, 441),
(902, 902, 9, 0, 7, 2, 442),
(903, 903, 6, 0, 5, 1, 443),
(904, 904, 2, 0, 7, 1, 444),
(905, 905, 7, 0, 6, 2, 445),
(906, 906, 1, 0, 2, 2, 446),
(907, 907, 1, 0, 5, 2, 447),
(908, 908, 1, 0, 6, 2, 448),
(909, 909, 6, 0, 4, 2, 449),
(910, 910, 6, 0, 4, 2, 450),
(911, 911, 9, 0, 4, 2, 451),
(912, 912, 9, 0, 4, 1, 452),
(913, 913, 1, 0, 3, 1, 453),
(914, 914, 1, 0, 3, 2, 454),
(915, 915, 5, 0, 6, 1, 455),
(916, 916, 3, 0, 4, 1, 456),
(917, 917, 4, 0, 5, 1, 457),
(918, 918, 4, 0, 5, 2, 458),
(919, 919, 9, 0, 7, 2, 459),
(920, 920, 9, 0, 2, 1, 460),
(921, 1, 8, 0, 6, 1, 1),
(922, 2, 8, 0, 2, 2, 2),
(923, 3, 3, 0, 7, 1, 3),
(924, 4, 4, 0, 5, 2, 4),
(925, 5, 8, 0, 4, 2, 5),
(926, 6, 5, 0, 4, 2, 6),
(927, 7, 9, 0, 6, 2, 7),
(928, 8, 0, 0, 1, 2, 8),
(929, 9, 6, 0, 4, 2, 9),
(930, 10, 3, 0, 6, 1, 10),
(931, 11, 2, 0, 2, 2, 11),
(932, 12, 8, 0, 1, 2, 12),
(933, 13, 7, 0, 5, 1, 13),
(934, 14, 4, 0, 6, 1, 14),
(935, 15, 3, 0, 3, 2, 15),
(936, 16, 8, 0, 6, 2, 16),
(937, 17, 5, 0, 1, 2, 17),
(938, 18, 6, 0, 5, 1, 18),
(939, 19, 7, 0, 3, 1, 19),
(940, 20, 9, 0, 7, 1, 20),
(941, 21, 5, 0, 1, 2, 21),
(942, 22, 9, 0, 7, 1, 22),
(943, 23, 4, 0, 1, 1, 23),
(944, 24, 5, 0, 5, 1, 24),
(945, 25, 9, 0, 4, 1, 25),
(946, 26, 9, 0, 4, 2, 26),
(947, 27, 4, 0, 4, 1, 27),
(948, 28, 5, 0, 1, 1, 28),
(949, 29, 9, 0, 3, 1, 29),
(950, 30, 7, 0, 1, 2, 30),
(951, 31, 5, 0, 6, 2, 31),
(952, 32, 1, 0, 2, 1, 32),
(953, 33, 0, 0, 1, 1, 33),
(954, 34, 3, 0, 7, 2, 34),
(955, 35, 6, 0, 3, 2, 35),
(956, 36, 7, 0, 4, 1, 36),
(957, 37, 0, 0, 4, 1, 37),
(958, 38, 8, 0, 4, 2, 38),
(959, 39, 7, 0, 1, 2, 39),
(960, 40, 4, 0, 1, 1, 40),
(961, 41, 9, 0, 3, 1, 41),
(962, 42, 9, 0, 3, 2, 42),
(963, 43, 1, 0, 2, 1, 43),
(964, 44, 4, 0, 4, 1, 44),
(965, 45, 8, 0, 3, 1, 45),
(966, 46, 9, 0, 4, 1, 46),
(967, 47, 5, 0, 1, 2, 47),
(968, 48, 4, 0, 1, 2, 48),
(969, 49, 4, 0, 1, 1, 49),
(970, 50, 9, 0, 1, 2, 50),
(971, 51, 4, 0, 2, 2, 51),
(972, 52, 9, 0, 2, 2, 52),
(973, 53, 7, 0, 1, 1, 53),
(974, 54, 0, 0, 1, 2, 54),
(975, 55, 9, 0, 5, 1, 55),
(976, 56, 7, 0, 2, 2, 56),
(977, 57, 3, 0, 1, 1, 57),
(978, 58, 3, 0, 2, 2, 58),
(979, 59, 0, 0, 1, 1, 59),
(980, 60, 9, 0, 1, 1, 60),
(981, 61, 6, 0, 4, 1, 61),
(982, 62, 5, 0, 6, 2, 62),
(983, 63, 8, 0, 7, 1, 63),
(984, 64, 8, 0, 7, 2, 64),
(985, 65, 5, 0, 6, 2, 65),
(986, 66, 6, 0, 4, 1, 66),
(987, 67, 2, 0, 1, 2, 67),
(988, 68, 4, 0, 6, 2, 68),
(989, 69, 7, 0, 4, 1, 69),
(990, 70, 4, 0, 5, 2, 70),
(991, 71, 6, 0, 2, 1, 71),
(992, 72, 5, 0, 5, 2, 72),
(993, 73, 9, 0, 3, 1, 73),
(994, 74, 8, 0, 2, 1, 74),
(995, 75, 9, 0, 4, 1, 75),
(996, 76, 1, 0, 1, 1, 76),
(997, 77, 5, 0, 7, 1, 77),
(998, 78, 6, 0, 3, 1, 78),
(999, 79, 8, 0, 6, 2, 79),
(1000, 80, 7, 0, 2, 1, 80),
(1001, 81, 0, 0, 4, 2, 81),
(1002, 82, 8, 0, 7, 2, 82),
(1003, 83, 9, 0, 5, 1, 83),
(1004, 84, 9, 0, 5, 2, 84),
(1005, 85, 2, 0, 3, 2, 85),
(1006, 86, 9, 0, 2, 2, 86),
(1007, 87, 7, 0, 7, 2, 87),
(1008, 88, 3, 0, 6, 1, 88),
(1009, 89, 0, 0, 1, 1, 89),
(1010, 90, 6, 0, 3, 1, 90),
(1011, 91, 1, 0, 2, 1, 91),
(1012, 92, 7, 0, 1, 1, 92),
(1013, 93, 8, 0, 7, 2, 93),
(1014, 94, 7, 0, 5, 2, 94),
(1015, 95, 2, 0, 3, 1, 95),
(1016, 96, 1, 0, 2, 2, 96),
(1017, 97, 5, 0, 2, 2, 97),
(1018, 98, 1, 0, 2, 2, 98),
(1019, 99, 0, 0, 4, 2, 99),
(1020, 100, 2, 0, 3, 1, 100),
(1021, 101, 0, 0, 6, 2, 101),
(1022, 102, 2, 0, 4, 1, 102),
(1023, 103, 2, 0, 7, 1, 103),
(1024, 104, 0, 0, 4, 2, 104),
(1025, 105, 6, 0, 1, 1, 105),
(1026, 106, 8, 0, 5, 1, 106),
(1027, 107, 6, 0, 5, 1, 107),
(1028, 108, 9, 0, 4, 1, 108),
(1029, 109, 4, 0, 4, 2, 109),
(1030, 110, 9, 0, 6, 1, 110),
(1031, 111, 1, 0, 6, 2, 111),
(1032, 112, 5, 0, 3, 1, 112),
(1033, 113, 6, 0, 6, 2, 113),
(1034, 114, 4, 0, 3, 1, 114),
(1035, 115, 3, 0, 7, 2, 115),
(1036, 116, 2, 0, 6, 2, 116),
(1037, 117, 8, 0, 1, 1, 117),
(1038, 118, 2, 0, 6, 2, 118),
(1039, 119, 1, 0, 5, 1, 119),
(1040, 120, 1, 0, 6, 1, 120),
(1041, 121, 6, 0, 1, 1, 121),
(1042, 122, 8, 0, 3, 2, 122),
(1043, 123, 9, 0, 3, 2, 123),
(1044, 124, 8, 0, 5, 1, 124),
(1045, 125, 2, 0, 1, 2, 125),
(1046, 126, 6, 0, 1, 1, 126),
(1047, 127, 4, 0, 5, 2, 127),
(1048, 128, 6, 0, 5, 1, 128),
(1049, 129, 9, 0, 6, 2, 129),
(1050, 130, 7, 0, 5, 1, 130),
(1051, 131, 9, 0, 6, 2, 131),
(1052, 132, 7, 0, 1, 1, 132),
(1053, 133, 3, 0, 1, 2, 133),
(1054, 134, 1, 0, 6, 2, 134),
(1055, 135, 6, 0, 3, 1, 135),
(1056, 136, 3, 0, 1, 2, 136),
(1057, 137, 4, 0, 3, 2, 137),
(1058, 138, 6, 0, 2, 2, 138),
(1059, 139, 7, 0, 3, 2, 139),
(1060, 140, 2, 0, 3, 2, 140),
(1061, 141, 0, 0, 4, 1, 141),
(1062, 142, 1, 0, 3, 2, 142),
(1063, 143, 4, 0, 2, 2, 143),
(1064, 144, 5, 0, 6, 2, 144),
(1065, 145, 8, 0, 6, 1, 145),
(1066, 146, 9, 0, 2, 1, 146),
(1067, 147, 6, 0, 4, 1, 147),
(1068, 148, 7, 0, 2, 1, 148),
(1069, 149, 8, 0, 2, 2, 149),
(1070, 150, 4, 0, 3, 1, 150),
(1071, 151, 2, 0, 7, 2, 151),
(1072, 152, 9, 0, 2, 2, 152),
(1073, 153, 3, 0, 1, 2, 153),
(1074, 154, 1, 0, 5, 2, 154),
(1075, 155, 0, 0, 6, 1, 155),
(1076, 156, 9, 0, 5, 1, 156),
(1077, 157, 8, 0, 5, 2, 157),
(1078, 158, 7, 0, 6, 2, 158),
(1079, 159, 0, 0, 4, 1, 159),
(1080, 160, 1, 0, 4, 2, 160),
(1081, 161, 9, 0, 2, 1, 161),
(1082, 162, 2, 0, 7, 1, 162),
(1083, 163, 9, 0, 3, 1, 163),
(1084, 164, 4, 0, 2, 1, 164),
(1085, 165, 2, 0, 5, 2, 165),
(1086, 166, 2, 0, 7, 1, 166),
(1087, 167, 8, 0, 7, 1, 167),
(1088, 168, 6, 0, 5, 2, 168),
(1089, 169, 1, 0, 4, 2, 169),
(1090, 170, 5, 0, 6, 1, 170),
(1091, 171, 4, 0, 1, 2, 171),
(1092, 172, 8, 0, 4, 1, 172),
(1093, 173, 4, 0, 4, 1, 173),
(1094, 174, 7, 0, 5, 2, 174),
(1095, 175, 2, 0, 3, 1, 175),
(1096, 176, 3, 0, 7, 1, 176),
(1097, 177, 3, 0, 3, 1, 177),
(1098, 178, 8, 0, 7, 1, 178),
(1099, 179, 2, 0, 7, 2, 179),
(1100, 180, 3, 0, 2, 1, 180),
(1101, 181, 8, 0, 6, 1, 181),
(1102, 182, 3, 0, 6, 1, 182),
(1103, 183, 0, 0, 1, 2, 183),
(1104, 184, 1, 0, 3, 2, 184),
(1105, 185, 2, 0, 5, 2, 185),
(1106, 186, 5, 0, 5, 1, 186),
(1107, 187, 7, 0, 3, 2, 187),
(1108, 188, 7, 0, 2, 2, 188),
(1109, 189, 5, 0, 1, 2, 189),
(1110, 190, 5, 0, 5, 2, 190),
(1111, 191, 3, 0, 5, 2, 191),
(1112, 192, 8, 0, 1, 2, 192),
(1113, 193, 1, 0, 5, 1, 193),
(1114, 194, 4, 0, 2, 2, 194),
(1115, 195, 7, 0, 4, 2, 195),
(1116, 196, 1, 0, 6, 2, 196),
(1117, 197, 4, 0, 4, 2, 197),
(1118, 198, 7, 0, 5, 2, 198),
(1119, 199, 3, 0, 1, 2, 199),
(1120, 200, 0, 0, 3, 1, 200),
(1121, 201, 4, 0, 5, 1, 201),
(1122, 202, 5, 0, 3, 1, 202),
(1123, 203, 1, 0, 2, 2, 203),
(1124, 204, 1, 0, 4, 2, 204),
(1125, 205, 9, 0, 2, 2, 205),
(1126, 206, 0, 0, 4, 1, 206),
(1127, 207, 6, 0, 3, 1, 207),
(1128, 208, 7, 0, 3, 2, 208),
(1129, 209, 8, 0, 5, 2, 209),
(1130, 210, 1, 0, 1, 1, 210),
(1131, 211, 0, 0, 1, 1, 211),
(1132, 212, 6, 0, 2, 1, 212),
(1133, 213, 6, 0, 4, 1, 213),
(1134, 214, 3, 0, 1, 2, 214),
(1135, 215, 5, 0, 7, 2, 215),
(1136, 216, 8, 0, 5, 2, 216),
(1137, 217, 0, 0, 6, 2, 217),
(1138, 218, 1, 0, 6, 2, 218),
(1139, 219, 7, 0, 4, 2, 219),
(1140, 220, 1, 0, 1, 2, 220),
(1141, 221, 9, 0, 3, 2, 221),
(1142, 222, 1, 0, 7, 2, 222),
(1143, 223, 4, 0, 3, 2, 223),
(1144, 224, 1, 0, 7, 1, 224),
(1145, 225, 5, 0, 6, 1, 225),
(1146, 226, 9, 0, 3, 2, 226),
(1147, 227, 9, 0, 6, 1, 227),
(1148, 228, 2, 0, 2, 1, 228),
(1149, 229, 5, 0, 7, 1, 229),
(1150, 230, 8, 0, 1, 1, 230),
(1151, 231, 5, 0, 3, 1, 231),
(1152, 232, 8, 0, 2, 1, 232),
(1153, 233, 9, 0, 5, 1, 233),
(1154, 234, 7, 0, 3, 1, 234),
(1155, 235, 3, 0, 4, 2, 235),
(1156, 236, 9, 0, 5, 2, 236),
(1157, 237, 9, 0, 5, 1, 237),
(1158, 238, 0, 0, 3, 1, 238),
(1159, 239, 9, 0, 7, 1, 239),
(1160, 240, 8, 0, 3, 1, 240),
(1161, 241, 3, 0, 6, 1, 241),
(1162, 242, 5, 0, 2, 2, 242),
(1163, 243, 8, 0, 6, 2, 243),
(1164, 244, 7, 0, 7, 2, 244),
(1165, 245, 4, 0, 3, 2, 245),
(1166, 246, 0, 0, 4, 1, 246),
(1167, 247, 8, 0, 6, 1, 247),
(1168, 248, 4, 0, 3, 1, 248),
(1169, 249, 1, 0, 3, 2, 249),
(1170, 250, 8, 0, 7, 1, 250),
(1171, 251, 2, 0, 4, 2, 251),
(1172, 252, 3, 0, 1, 2, 252),
(1173, 253, 0, 0, 3, 2, 253),
(1174, 254, 6, 0, 2, 1, 254),
(1175, 255, 7, 0, 5, 1, 255),
(1176, 256, 0, 0, 2, 2, 256),
(1177, 257, 1, 0, 5, 2, 257),
(1178, 258, 6, 0, 3, 2, 258),
(1179, 259, 3, 0, 5, 2, 259),
(1180, 260, 8, 0, 7, 2, 260),
(1181, 261, 2, 0, 7, 2, 261),
(1182, 262, 1, 0, 5, 1, 262),
(1183, 263, 4, 0, 3, 2, 263),
(1184, 264, 7, 0, 4, 1, 264),
(1185, 265, 5, 0, 2, 2, 265),
(1186, 266, 2, 0, 4, 1, 266),
(1187, 267, 4, 0, 4, 1, 267),
(1188, 268, 8, 0, 5, 2, 268),
(1189, 269, 7, 0, 4, 1, 269),
(1190, 270, 2, 0, 1, 2, 270),
(1191, 271, 2, 0, 7, 1, 271),
(1192, 272, 9, 0, 5, 1, 272),
(1193, 273, 9, 0, 1, 2, 273),
(1194, 274, 4, 0, 3, 2, 274),
(1195, 275, 3, 0, 4, 2, 275),
(1196, 276, 8, 0, 2, 2, 276),
(1197, 277, 0, 0, 4, 1, 277),
(1198, 278, 2, 0, 6, 2, 278),
(1199, 279, 1, 0, 3, 2, 279),
(1200, 280, 3, 0, 5, 1, 280),
(1201, 281, 3, 0, 6, 2, 281),
(1202, 282, 3, 0, 7, 2, 282),
(1203, 283, 9, 0, 1, 1, 283),
(1204, 284, 1, 0, 6, 1, 284),
(1205, 285, 8, 0, 6, 2, 285),
(1206, 286, 6, 0, 2, 1, 286),
(1207, 287, 9, 0, 3, 1, 287),
(1208, 288, 6, 0, 3, 1, 288),
(1209, 289, 6, 0, 6, 1, 289),
(1210, 290, 5, 0, 3, 1, 290),
(1211, 291, 5, 0, 4, 1, 291),
(1212, 292, 0, 0, 7, 1, 292),
(1213, 293, 0, 0, 2, 1, 293),
(1214, 294, 0, 0, 5, 1, 294),
(1215, 295, 4, 0, 1, 2, 295),
(1216, 296, 5, 0, 5, 1, 296),
(1217, 297, 2, 0, 4, 2, 297),
(1218, 298, 8, 0, 2, 1, 298),
(1219, 299, 5, 0, 3, 1, 299),
(1220, 300, 5, 0, 2, 1, 300),
(1221, 301, 3, 0, 2, 1, 301),
(1222, 302, 8, 0, 1, 1, 302),
(1223, 303, 7, 0, 4, 1, 303),
(1224, 304, 1, 0, 5, 1, 304),
(1225, 305, 4, 0, 7, 2, 305),
(1226, 306, 8, 0, 1, 2, 306),
(1227, 307, 0, 0, 5, 1, 307),
(1228, 308, 9, 0, 5, 2, 308),
(1229, 309, 3, 0, 7, 1, 309),
(1230, 310, 9, 0, 4, 1, 310),
(1231, 311, 6, 0, 4, 2, 311),
(1232, 312, 9, 0, 3, 2, 312),
(1233, 313, 0, 0, 2, 1, 313),
(1234, 314, 1, 0, 7, 1, 314),
(1235, 315, 1, 0, 2, 1, 315),
(1236, 316, 5, 0, 4, 2, 316),
(1237, 317, 4, 0, 4, 1, 317),
(1238, 318, 6, 0, 7, 1, 318),
(1239, 319, 7, 0, 6, 2, 319),
(1240, 320, 0, 0, 7, 2, 320),
(1241, 321, 8, 0, 5, 2, 321),
(1242, 322, 4, 0, 1, 1, 322),
(1243, 323, 9, 0, 6, 1, 323),
(1244, 324, 2, 0, 2, 1, 324),
(1245, 325, 4, 0, 4, 2, 325),
(1246, 326, 5, 0, 7, 2, 326),
(1247, 327, 8, 0, 2, 2, 327),
(1248, 328, 0, 0, 5, 1, 328),
(1249, 329, 5, 0, 1, 2, 329),
(1250, 330, 5, 0, 1, 2, 330),
(1251, 331, 0, 0, 6, 2, 331),
(1252, 332, 4, 0, 2, 2, 332),
(1253, 333, 1, 0, 2, 1, 333),
(1254, 334, 5, 0, 7, 2, 334),
(1255, 335, 8, 0, 5, 1, 335),
(1256, 336, 9, 0, 2, 1, 336),
(1257, 337, 7, 0, 4, 1, 337),
(1258, 338, 7, 0, 5, 1, 338),
(1259, 339, 7, 0, 7, 2, 339),
(1260, 340, 3, 0, 6, 2, 340),
(1261, 341, 8, 0, 7, 1, 341),
(1262, 342, 2, 0, 2, 1, 342),
(1263, 343, 2, 0, 1, 1, 343),
(1264, 344, 9, 0, 4, 2, 344),
(1265, 345, 9, 0, 3, 2, 345),
(1266, 346, 7, 0, 6, 2, 346),
(1267, 347, 8, 0, 2, 1, 347),
(1268, 348, 5, 0, 6, 2, 348),
(1269, 349, 9, 0, 1, 2, 349),
(1270, 350, 5, 0, 5, 2, 350),
(1271, 351, 0, 0, 3, 2, 351),
(1272, 352, 0, 0, 3, 1, 352),
(1273, 353, 9, 0, 1, 2, 353),
(1274, 354, 0, 0, 6, 1, 354),
(1275, 355, 2, 0, 2, 2, 355),
(1276, 356, 5, 0, 1, 2, 356),
(1277, 357, 9, 0, 3, 2, 357),
(1278, 358, 3, 0, 2, 2, 358),
(1279, 359, 7, 0, 2, 1, 359),
(1280, 360, 8, 0, 5, 2, 360),
(1281, 361, 0, 0, 1, 1, 361),
(1282, 362, 0, 0, 6, 1, 362),
(1283, 363, 4, 0, 3, 1, 363),
(1284, 364, 9, 0, 7, 1, 364),
(1285, 365, 4, 0, 5, 1, 365),
(1286, 366, 5, 0, 1, 1, 366),
(1287, 367, 5, 0, 2, 1, 367),
(1288, 368, 5, 0, 7, 1, 368),
(1289, 369, 3, 0, 3, 2, 369),
(1290, 370, 8, 0, 2, 1, 370),
(1291, 371, 0, 0, 4, 2, 371),
(1292, 372, 1, 0, 6, 2, 372),
(1293, 373, 5, 0, 7, 1, 373),
(1294, 374, 6, 0, 1, 2, 374),
(1295, 375, 7, 0, 5, 2, 375),
(1296, 376, 1, 0, 3, 1, 376),
(1297, 377, 2, 0, 1, 1, 377),
(1298, 378, 9, 0, 4, 2, 378),
(1299, 379, 1, 0, 6, 2, 379),
(1300, 380, 8, 0, 5, 2, 380),
(1301, 381, 1, 0, 2, 2, 381),
(1302, 382, 1, 0, 5, 2, 382),
(1303, 383, 4, 0, 2, 1, 383),
(1304, 384, 2, 0, 4, 2, 384),
(1305, 385, 6, 0, 5, 2, 385),
(1306, 386, 4, 0, 5, 2, 386),
(1307, 387, 8, 0, 3, 2, 387),
(1308, 388, 6, 0, 1, 2, 388),
(1309, 389, 7, 0, 2, 1, 389),
(1310, 390, 0, 0, 4, 2, 390),
(1311, 391, 8, 0, 7, 2, 391),
(1312, 392, 4, 0, 3, 1, 392),
(1313, 393, 3, 0, 1, 1, 393),
(1314, 394, 7, 0, 2, 1, 394),
(1315, 395, 9, 0, 5, 2, 395),
(1316, 396, 7, 0, 2, 1, 396),
(1317, 397, 7, 0, 3, 1, 397),
(1318, 398, 2, 0, 6, 1, 398),
(1319, 399, 0, 0, 1, 1, 399),
(1320, 400, 9, 0, 6, 1, 400),
(1321, 401, 1, 0, 5, 1, 401),
(1322, 402, 7, 0, 3, 2, 402),
(1323, 403, 3, 0, 5, 2, 403),
(1324, 404, 6, 0, 5, 1, 404),
(1325, 405, 4, 0, 5, 2, 405),
(1326, 406, 3, 0, 7, 2, 406),
(1327, 407, 8, 0, 3, 1, 407),
(1328, 408, 9, 0, 5, 1, 408),
(1329, 409, 0, 0, 3, 1, 409),
(1330, 410, 8, 0, 6, 1, 410),
(1331, 411, 1, 0, 4, 2, 411),
(1332, 412, 0, 0, 5, 2, 412),
(1333, 413, 7, 0, 6, 2, 413),
(1334, 414, 4, 0, 4, 2, 414),
(1335, 415, 6, 0, 6, 1, 415),
(1336, 416, 8, 0, 3, 1, 416),
(1337, 417, 3, 0, 3, 1, 417),
(1338, 418, 2, 0, 6, 1, 418),
(1339, 419, 7, 0, 5, 1, 419),
(1340, 420, 2, 0, 3, 2, 420),
(1341, 421, 3, 0, 1, 2, 421),
(1342, 422, 7, 0, 5, 2, 422),
(1343, 423, 0, 0, 2, 1, 423),
(1344, 424, 3, 0, 3, 1, 424),
(1345, 425, 5, 0, 3, 2, 425),
(1346, 426, 9, 0, 4, 2, 426),
(1347, 427, 1, 0, 7, 1, 427),
(1348, 428, 0, 0, 1, 2, 428),
(1349, 429, 4, 0, 2, 1, 429),
(1350, 430, 6, 0, 3, 1, 430),
(1351, 431, 8, 0, 3, 2, 431),
(1352, 432, 4, 0, 2, 2, 432),
(1353, 433, 5, 0, 3, 1, 433),
(1354, 434, 9, 0, 7, 2, 434),
(1355, 435, 3, 0, 3, 2, 435),
(1356, 436, 9, 0, 4, 2, 436),
(1357, 437, 5, 0, 7, 1, 437),
(1358, 438, 6, 0, 2, 1, 438),
(1359, 439, 6, 0, 2, 2, 439),
(1360, 440, 2, 0, 7, 2, 440),
(1361, 441, 0, 0, 6, 2, 441),
(1362, 442, 4, 0, 3, 1, 442),
(1363, 443, 6, 0, 5, 1, 443),
(1364, 444, 5, 0, 6, 1, 444),
(1365, 445, 7, 0, 6, 1, 445),
(1366, 446, 1, 0, 1, 1, 446),
(1367, 447, 2, 0, 4, 1, 447),
(1368, 448, 6, 0, 4, 1, 448),
(1369, 449, 7, 0, 2, 1, 449),
(1370, 450, 4, 0, 2, 2, 450),
(1371, 451, 3, 0, 3, 2, 451),
(1372, 452, 9, 0, 7, 1, 452),
(1373, 453, 6, 0, 3, 2, 453),
(1374, 454, 6, 0, 2, 2, 454),
(1375, 455, 0, 0, 1, 2, 455),
(1376, 456, 5, 0, 7, 1, 456),
(1377, 457, 8, 0, 4, 1, 457),
(1378, 458, 8, 0, 7, 1, 458),
(1379, 459, 7, 0, 7, 2, 459),
(1380, 460, 5, 0, 4, 1, 460),
(1381, 1, 8, 0, 6, 1, 1),
(1382, 2, 8, 0, 2, 2, 2),
(1383, 3, 3, 0, 7, 1, 3),
(1384, 4, 4, 0, 5, 2, 4),
(1385, 5, 8, 0, 4, 2, 5),
(1386, 6, 5, 0, 4, 2, 6),
(1387, 7, 9, 0, 6, 2, 7),
(1388, 8, 0, 0, 1, 2, 8),
(1389, 9, 6, 0, 4, 2, 9),
(1390, 10, 3, 0, 6, 1, 10),
(1391, 11, 2, 0, 2, 2, 11),
(1392, 12, 8, 0, 1, 2, 12),
(1393, 13, 7, 0, 5, 1, 13),
(1394, 14, 4, 0, 6, 1, 14),
(1395, 15, 3, 0, 3, 2, 15),
(1396, 16, 8, 0, 6, 2, 16),
(1397, 17, 5, 0, 1, 2, 17),
(1398, 18, 6, 0, 5, 1, 18),
(1399, 19, 7, 0, 3, 1, 19),
(1400, 20, 9, 0, 7, 1, 20),
(1401, 21, 5, 0, 1, 2, 21),
(1402, 22, 9, 0, 7, 1, 22),
(1403, 23, 4, 0, 1, 1, 23),
(1404, 24, 5, 0, 5, 1, 24),
(1405, 25, 9, 0, 4, 1, 25),
(1406, 26, 9, 0, 4, 2, 26),
(1407, 27, 4, 0, 4, 1, 27),
(1408, 28, 5, 0, 1, 1, 28),
(1409, 29, 9, 0, 3, 1, 29),
(1410, 30, 7, 0, 1, 2, 30),
(1411, 31, 5, 0, 6, 2, 31),
(1412, 32, 1, 0, 2, 1, 32),
(1413, 33, 0, 0, 1, 1, 33),
(1414, 34, 3, 0, 7, 2, 34),
(1415, 35, 6, 0, 3, 2, 35),
(1416, 36, 7, 0, 4, 1, 36),
(1417, 37, 0, 0, 4, 1, 37),
(1418, 38, 8, 0, 4, 2, 38),
(1419, 39, 7, 0, 1, 2, 39),
(1420, 40, 4, 0, 1, 1, 40),
(1421, 41, 9, 0, 3, 1, 41),
(1422, 42, 9, 0, 3, 2, 42),
(1423, 43, 1, 0, 2, 1, 43),
(1424, 44, 4, 0, 4, 1, 44),
(1425, 45, 8, 0, 3, 1, 45),
(1426, 46, 9, 0, 4, 1, 46),
(1427, 47, 5, 0, 1, 2, 47),
(1428, 48, 4, 0, 1, 2, 48),
(1429, 49, 4, 0, 1, 1, 49),
(1430, 50, 9, 0, 1, 2, 50),
(1431, 51, 4, 0, 2, 2, 51),
(1432, 52, 9, 0, 2, 2, 52),
(1433, 53, 7, 0, 1, 1, 53),
(1434, 54, 0, 0, 1, 2, 54),
(1435, 55, 9, 0, 5, 1, 55),
(1436, 56, 7, 0, 2, 2, 56),
(1437, 57, 3, 0, 1, 1, 57),
(1438, 58, 3, 0, 2, 2, 58),
(1439, 59, 0, 0, 1, 1, 59),
(1440, 60, 9, 0, 1, 1, 60),
(1441, 61, 6, 0, 4, 1, 61),
(1442, 62, 5, 0, 6, 2, 62),
(1443, 63, 8, 0, 7, 1, 63),
(1444, 64, 8, 0, 7, 2, 64),
(1445, 65, 5, 0, 6, 2, 65),
(1446, 66, 6, 0, 4, 1, 66),
(1447, 67, 2, 0, 1, 2, 67),
(1448, 68, 4, 0, 6, 2, 68),
(1449, 69, 7, 0, 4, 1, 69),
(1450, 70, 4, 0, 5, 2, 70),
(1451, 71, 6, 0, 2, 1, 71),
(1452, 72, 5, 0, 5, 2, 72),
(1453, 73, 9, 0, 3, 1, 73),
(1454, 74, 8, 0, 2, 1, 74),
(1455, 75, 9, 0, 4, 1, 75),
(1456, 76, 1, 0, 1, 1, 76),
(1457, 77, 5, 0, 7, 1, 77),
(1458, 78, 6, 0, 3, 1, 78),
(1459, 79, 8, 0, 6, 2, 79),
(1460, 80, 7, 0, 2, 1, 80),
(1461, 81, 0, 0, 4, 2, 81),
(1462, 82, 8, 0, 7, 2, 82),
(1463, 83, 9, 0, 5, 1, 83),
(1464, 84, 9, 0, 5, 2, 84),
(1465, 85, 2, 0, 3, 2, 85),
(1466, 86, 9, 0, 2, 2, 86),
(1467, 87, 7, 0, 7, 2, 87),
(1468, 88, 3, 0, 6, 1, 88),
(1469, 89, 0, 0, 1, 1, 89),
(1470, 90, 6, 0, 3, 1, 90),
(1471, 91, 1, 0, 2, 1, 91),
(1472, 92, 7, 0, 1, 1, 92),
(1473, 93, 8, 0, 7, 2, 93),
(1474, 94, 7, 0, 5, 2, 94),
(1475, 95, 2, 0, 3, 1, 95),
(1476, 96, 1, 0, 2, 2, 96),
(1477, 97, 5, 0, 2, 2, 97),
(1478, 98, 1, 0, 2, 2, 98),
(1479, 99, 0, 0, 4, 2, 99),
(1480, 100, 2, 0, 3, 1, 100),
(1481, 101, 0, 0, 6, 2, 101),
(1482, 102, 2, 0, 4, 1, 102),
(1483, 103, 2, 0, 7, 1, 103),
(1484, 104, 0, 0, 4, 2, 104),
(1485, 105, 6, 0, 1, 1, 105),
(1486, 106, 8, 0, 5, 1, 106),
(1487, 107, 6, 0, 5, 1, 107),
(1488, 108, 9, 0, 4, 1, 108),
(1489, 109, 4, 0, 4, 2, 109),
(1490, 110, 9, 0, 6, 1, 110),
(1491, 111, 1, 0, 6, 2, 111),
(1492, 112, 5, 0, 3, 1, 112),
(1493, 113, 6, 0, 6, 2, 113),
(1494, 114, 4, 0, 3, 1, 114),
(1495, 115, 3, 0, 7, 2, 115),
(1496, 116, 2, 0, 6, 2, 116),
(1497, 117, 8, 0, 1, 1, 117),
(1498, 118, 2, 0, 6, 2, 118),
(1499, 119, 1, 0, 5, 1, 119),
(1500, 120, 1, 0, 6, 1, 120),
(1501, 121, 6, 0, 1, 1, 121),
(1502, 122, 8, 0, 3, 2, 122),
(1503, 123, 9, 0, 3, 2, 123),
(1504, 124, 8, 0, 5, 1, 124),
(1505, 125, 2, 0, 1, 2, 125),
(1506, 126, 6, 0, 1, 1, 126),
(1507, 127, 4, 0, 5, 2, 127),
(1508, 128, 6, 0, 5, 1, 128),
(1509, 129, 9, 0, 6, 2, 129),
(1510, 130, 7, 0, 5, 1, 130),
(1511, 131, 9, 0, 6, 2, 131),
(1512, 132, 7, 0, 1, 1, 132),
(1513, 133, 3, 0, 1, 2, 133),
(1514, 134, 1, 0, 6, 2, 134),
(1515, 135, 6, 0, 3, 1, 135),
(1516, 136, 3, 0, 1, 2, 136),
(1517, 137, 4, 0, 3, 2, 137),
(1518, 138, 6, 0, 2, 2, 138),
(1519, 139, 7, 0, 3, 2, 139),
(1520, 140, 2, 0, 3, 2, 140),
(1521, 141, 0, 0, 4, 1, 141),
(1522, 142, 1, 0, 3, 2, 142),
(1523, 143, 4, 0, 2, 2, 143),
(1524, 144, 5, 0, 6, 2, 144),
(1525, 145, 8, 0, 6, 1, 145),
(1526, 146, 9, 0, 2, 1, 146),
(1527, 147, 6, 0, 4, 1, 147),
(1528, 148, 7, 0, 2, 1, 148),
(1529, 149, 8, 0, 2, 2, 149),
(1530, 150, 4, 0, 3, 1, 150),
(1531, 151, 2, 0, 7, 2, 151),
(1532, 152, 9, 0, 2, 2, 152),
(1533, 153, 3, 0, 1, 2, 153),
(1534, 154, 1, 0, 5, 2, 154),
(1535, 155, 0, 0, 6, 1, 155),
(1536, 156, 9, 0, 5, 1, 156),
(1537, 157, 8, 0, 5, 2, 157),
(1538, 158, 7, 0, 6, 2, 158),
(1539, 159, 0, 0, 4, 1, 159),
(1540, 160, 1, 0, 4, 2, 160),
(1541, 161, 9, 0, 2, 1, 161),
(1542, 162, 2, 0, 7, 1, 162),
(1543, 163, 9, 0, 3, 1, 163),
(1544, 164, 4, 0, 2, 1, 164),
(1545, 165, 2, 0, 5, 2, 165),
(1546, 166, 2, 0, 7, 1, 166),
(1547, 167, 8, 0, 7, 1, 167),
(1548, 168, 6, 0, 5, 2, 168),
(1549, 169, 1, 0, 4, 2, 169),
(1550, 170, 5, 0, 6, 1, 170),
(1551, 171, 4, 0, 1, 2, 171),
(1552, 172, 8, 0, 4, 1, 172),
(1553, 173, 4, 0, 4, 1, 173),
(1554, 174, 7, 0, 5, 2, 174),
(1555, 175, 2, 0, 3, 1, 175),
(1556, 176, 3, 0, 7, 1, 176),
(1557, 177, 3, 0, 3, 1, 177),
(1558, 178, 8, 0, 7, 1, 178),
(1559, 179, 2, 0, 7, 2, 179),
(1560, 180, 3, 0, 2, 1, 180),
(1561, 181, 8, 0, 6, 1, 181),
(1562, 182, 3, 0, 6, 1, 182),
(1563, 183, 0, 0, 1, 2, 183),
(1564, 184, 1, 0, 3, 2, 184),
(1565, 185, 2, 0, 5, 2, 185),
(1566, 186, 5, 0, 5, 1, 186),
(1567, 187, 7, 0, 3, 2, 187),
(1568, 188, 7, 0, 2, 2, 188),
(1569, 189, 5, 0, 1, 2, 189),
(1570, 190, 5, 0, 5, 2, 190),
(1571, 191, 3, 0, 5, 2, 191),
(1572, 192, 8, 0, 1, 2, 192),
(1573, 193, 1, 0, 5, 1, 193),
(1574, 194, 4, 0, 2, 2, 194),
(1575, 195, 7, 0, 4, 2, 195),
(1576, 196, 1, 0, 6, 2, 196),
(1577, 197, 4, 0, 4, 2, 197),
(1578, 198, 7, 0, 5, 2, 198),
(1579, 199, 3, 0, 1, 2, 199),
(1580, 200, 0, 0, 3, 1, 200),
(1581, 201, 4, 0, 5, 1, 201),
(1582, 202, 5, 0, 3, 1, 202),
(1583, 203, 1, 0, 2, 2, 203),
(1584, 204, 1, 0, 4, 2, 204),
(1585, 205, 9, 0, 2, 2, 205),
(1586, 206, 0, 0, 4, 1, 206),
(1587, 207, 6, 0, 3, 1, 207),
(1588, 208, 7, 0, 3, 2, 208),
(1589, 209, 8, 0, 5, 2, 209),
(1590, 210, 1, 0, 1, 1, 210),
(1591, 211, 0, 0, 1, 1, 211),
(1592, 212, 6, 0, 2, 1, 212),
(1593, 213, 6, 0, 4, 1, 213),
(1594, 214, 3, 0, 1, 2, 214),
(1595, 215, 5, 0, 7, 2, 215),
(1596, 216, 8, 0, 5, 2, 216),
(1597, 217, 0, 0, 6, 2, 217),
(1598, 218, 1, 0, 6, 2, 218),
(1599, 219, 7, 0, 4, 2, 219),
(1600, 220, 1, 0, 1, 2, 220),
(1601, 221, 9, 0, 3, 2, 221),
(1602, 222, 1, 0, 7, 2, 222),
(1603, 223, 4, 0, 3, 2, 223),
(1604, 224, 1, 0, 7, 1, 224),
(1605, 225, 5, 0, 6, 1, 225),
(1606, 226, 9, 0, 3, 2, 226),
(1607, 227, 9, 0, 6, 1, 227),
(1608, 228, 2, 0, 2, 1, 228),
(1609, 229, 5, 0, 7, 1, 229),
(1610, 230, 8, 0, 1, 1, 230),
(1611, 231, 5, 0, 3, 1, 231),
(1612, 232, 8, 0, 2, 1, 232),
(1613, 233, 9, 0, 5, 1, 233),
(1614, 234, 7, 0, 3, 1, 234),
(1615, 235, 3, 0, 4, 2, 235),
(1616, 236, 9, 0, 5, 2, 236),
(1617, 237, 9, 0, 5, 1, 237),
(1618, 238, 0, 0, 3, 1, 238),
(1619, 239, 9, 0, 7, 1, 239),
(1620, 240, 8, 0, 3, 1, 240),
(1621, 241, 3, 0, 6, 1, 241),
(1622, 242, 5, 0, 2, 2, 242),
(1623, 243, 8, 0, 6, 2, 243),
(1624, 244, 7, 0, 7, 2, 244),
(1625, 245, 4, 0, 3, 2, 245),
(1626, 246, 0, 0, 4, 1, 246),
(1627, 247, 8, 0, 6, 1, 247),
(1628, 248, 4, 0, 3, 1, 248),
(1629, 249, 1, 0, 3, 2, 249),
(1630, 250, 8, 0, 7, 1, 250),
(1631, 251, 2, 0, 4, 2, 251),
(1632, 252, 3, 0, 1, 2, 252),
(1633, 253, 0, 0, 3, 2, 253),
(1634, 254, 6, 0, 2, 1, 254),
(1635, 255, 7, 0, 5, 1, 255),
(1636, 256, 0, 0, 2, 2, 256),
(1637, 257, 1, 0, 5, 2, 257),
(1638, 258, 6, 0, 3, 2, 258),
(1639, 259, 3, 0, 5, 2, 259),
(1640, 260, 8, 0, 7, 2, 260),
(1641, 261, 2, 0, 7, 2, 261),
(1642, 262, 1, 0, 5, 1, 262),
(1643, 263, 4, 0, 3, 2, 263),
(1644, 264, 7, 0, 4, 1, 264),
(1645, 265, 5, 0, 2, 2, 265),
(1646, 266, 2, 0, 4, 1, 266),
(1647, 267, 4, 0, 4, 1, 267),
(1648, 268, 8, 0, 5, 2, 268),
(1649, 269, 7, 0, 4, 1, 269),
(1650, 270, 2, 0, 1, 2, 270),
(1651, 271, 2, 0, 7, 1, 271),
(1652, 272, 9, 0, 5, 1, 272),
(1653, 273, 9, 0, 1, 2, 273),
(1654, 274, 4, 0, 3, 2, 274),
(1655, 275, 3, 0, 4, 2, 275),
(1656, 276, 8, 0, 2, 2, 276),
(1657, 277, 0, 0, 4, 1, 277),
(1658, 278, 2, 0, 6, 2, 278),
(1659, 279, 1, 0, 3, 2, 279),
(1660, 280, 3, 0, 5, 1, 280),
(1661, 281, 3, 0, 6, 2, 281),
(1662, 282, 3, 0, 7, 2, 282),
(1663, 283, 9, 0, 1, 1, 283),
(1664, 284, 1, 0, 6, 1, 284),
(1665, 285, 8, 0, 6, 2, 285),
(1666, 286, 6, 0, 2, 1, 286),
(1667, 287, 9, 0, 3, 1, 287),
(1668, 288, 6, 0, 3, 1, 288),
(1669, 289, 6, 0, 6, 1, 289),
(1670, 290, 5, 0, 3, 1, 290),
(1671, 291, 5, 0, 4, 1, 291),
(1672, 292, 0, 0, 7, 1, 292),
(1673, 293, 0, 0, 2, 1, 293),
(1674, 294, 0, 0, 5, 1, 294),
(1675, 295, 4, 0, 1, 2, 295),
(1676, 296, 5, 0, 5, 1, 296),
(1677, 297, 2, 0, 4, 2, 297),
(1678, 298, 8, 0, 2, 1, 298),
(1679, 299, 5, 0, 3, 1, 299),
(1680, 300, 5, 0, 2, 1, 300),
(1681, 301, 3, 0, 2, 1, 301),
(1682, 302, 8, 0, 1, 1, 302),
(1683, 303, 7, 0, 4, 1, 303),
(1684, 304, 1, 0, 5, 1, 304),
(1685, 305, 4, 0, 7, 2, 305),
(1686, 306, 8, 0, 1, 2, 306),
(1687, 307, 0, 0, 5, 1, 307),
(1688, 308, 9, 0, 5, 2, 308),
(1689, 309, 3, 0, 7, 1, 309),
(1690, 310, 9, 0, 4, 1, 310),
(1691, 311, 6, 0, 4, 2, 311),
(1692, 312, 9, 0, 3, 2, 312),
(1693, 313, 0, 0, 2, 1, 313),
(1694, 314, 1, 0, 7, 1, 314),
(1695, 315, 1, 0, 2, 1, 315),
(1696, 316, 5, 0, 4, 2, 316),
(1697, 317, 4, 0, 4, 1, 317),
(1698, 318, 6, 0, 7, 1, 318),
(1699, 319, 7, 0, 6, 2, 319),
(1700, 320, 0, 0, 7, 2, 320),
(1701, 321, 8, 0, 5, 2, 321),
(1702, 322, 4, 0, 1, 1, 322),
(1703, 323, 9, 0, 6, 1, 323),
(1704, 324, 2, 0, 2, 1, 324),
(1705, 325, 4, 0, 4, 2, 325),
(1706, 326, 5, 0, 7, 2, 326),
(1707, 327, 8, 0, 2, 2, 327),
(1708, 328, 0, 0, 5, 1, 328),
(1709, 329, 5, 0, 1, 2, 329),
(1710, 330, 5, 0, 1, 2, 330),
(1711, 331, 0, 0, 6, 2, 331),
(1712, 332, 4, 0, 2, 2, 332),
(1713, 333, 1, 0, 2, 1, 333),
(1714, 334, 5, 0, 7, 2, 334),
(1715, 335, 8, 0, 5, 1, 335),
(1716, 336, 9, 0, 2, 1, 336),
(1717, 337, 7, 0, 4, 1, 337),
(1718, 338, 7, 0, 5, 1, 338),
(1719, 339, 7, 0, 7, 2, 339),
(1720, 340, 3, 0, 6, 2, 340),
(1721, 341, 8, 0, 7, 1, 341),
(1722, 342, 2, 0, 2, 1, 342),
(1723, 343, 2, 0, 1, 1, 343),
(1724, 344, 9, 0, 4, 2, 344),
(1725, 345, 9, 0, 3, 2, 345),
(1726, 346, 7, 0, 6, 2, 346),
(1727, 347, 8, 0, 2, 1, 347),
(1728, 348, 5, 0, 6, 2, 348),
(1729, 349, 9, 0, 1, 2, 349),
(1730, 350, 5, 0, 5, 2, 350),
(1731, 351, 0, 0, 3, 2, 351),
(1732, 352, 0, 0, 3, 1, 352),
(1733, 353, 9, 0, 1, 2, 353),
(1734, 354, 0, 0, 6, 1, 354),
(1735, 355, 2, 0, 2, 2, 355),
(1736, 356, 5, 0, 1, 2, 356),
(1737, 357, 9, 0, 3, 2, 357),
(1738, 358, 3, 0, 2, 2, 358),
(1739, 359, 7, 0, 2, 1, 359),
(1740, 360, 8, 0, 5, 2, 360),
(1741, 361, 0, 0, 1, 1, 361),
(1742, 362, 0, 0, 6, 1, 362),
(1743, 363, 4, 0, 3, 1, 363),
(1744, 364, 9, 0, 7, 1, 364),
(1745, 365, 4, 0, 5, 1, 365),
(1746, 366, 5, 0, 1, 1, 366),
(1747, 367, 5, 0, 2, 1, 367),
(1748, 368, 5, 0, 7, 1, 368),
(1749, 369, 3, 0, 3, 2, 369),
(1750, 370, 8, 0, 2, 1, 370),
(1751, 371, 0, 0, 4, 2, 371),
(1752, 372, 1, 0, 6, 2, 372),
(1753, 373, 5, 0, 7, 1, 373),
(1754, 374, 6, 0, 1, 2, 374),
(1755, 375, 7, 0, 5, 2, 375),
(1756, 376, 1, 0, 3, 1, 376),
(1757, 377, 2, 0, 1, 1, 377),
(1758, 378, 9, 0, 4, 2, 378),
(1759, 379, 1, 0, 6, 2, 379),
(1760, 380, 8, 0, 5, 2, 380),
(1761, 381, 1, 0, 2, 2, 381),
(1762, 382, 1, 0, 5, 2, 382),
(1763, 383, 4, 0, 2, 1, 383),
(1764, 384, 2, 0, 4, 2, 384),
(1765, 385, 6, 0, 5, 2, 385),
(1766, 386, 4, 0, 5, 2, 386),
(1767, 387, 8, 0, 3, 2, 387),
(1768, 388, 6, 0, 1, 2, 388),
(1769, 389, 7, 0, 2, 1, 389),
(1770, 390, 0, 0, 4, 2, 390),
(1771, 391, 8, 0, 7, 2, 391),
(1772, 392, 4, 0, 3, 1, 392),
(1773, 393, 3, 0, 1, 1, 393),
(1774, 394, 7, 0, 2, 1, 394),
(1775, 395, 9, 0, 5, 2, 395),
(1776, 396, 7, 0, 2, 1, 396),
(1777, 397, 7, 0, 3, 1, 397),
(1778, 398, 2, 0, 6, 1, 398),
(1779, 399, 0, 0, 1, 1, 399),
(1780, 400, 9, 0, 6, 1, 400),
(1781, 401, 1, 0, 5, 1, 401),
(1782, 402, 7, 0, 3, 2, 402),
(1783, 403, 3, 0, 5, 2, 403),
(1784, 404, 6, 0, 5, 1, 404),
(1785, 405, 4, 0, 5, 2, 405),
(1786, 406, 3, 0, 7, 2, 406),
(1787, 407, 8, 0, 3, 1, 407),
(1788, 408, 9, 0, 5, 1, 408),
(1789, 409, 0, 0, 3, 1, 409),
(1790, 410, 8, 0, 6, 1, 410),
(1791, 411, 1, 0, 4, 2, 411),
(1792, 412, 0, 0, 5, 2, 412),
(1793, 413, 7, 0, 6, 2, 413),
(1794, 414, 4, 0, 4, 2, 414),
(1795, 415, 6, 0, 6, 1, 415),
(1796, 416, 8, 0, 3, 1, 416),
(1797, 417, 3, 0, 3, 1, 417),
(1798, 418, 2, 0, 6, 1, 418),
(1799, 419, 7, 0, 5, 1, 419),
(1800, 420, 2, 0, 3, 2, 420),
(1801, 421, 3, 0, 1, 2, 421),
(1802, 422, 7, 0, 5, 2, 422),
(1803, 423, 0, 0, 2, 1, 423),
(1804, 424, 3, 0, 3, 1, 424),
(1805, 425, 5, 0, 3, 2, 425),
(1806, 426, 9, 0, 4, 2, 426),
(1807, 427, 1, 0, 7, 1, 427),
(1808, 428, 0, 0, 1, 2, 428),
(1809, 429, 4, 0, 2, 1, 429),
(1810, 430, 6, 0, 3, 1, 430),
(1811, 431, 8, 0, 3, 2, 431),
(1812, 432, 4, 0, 2, 2, 432),
(1813, 433, 5, 0, 3, 1, 433),
(1814, 434, 9, 0, 7, 2, 434),
(1815, 435, 3, 0, 3, 2, 435),
(1816, 436, 9, 0, 4, 2, 436),
(1817, 437, 5, 0, 7, 1, 437),
(1818, 438, 6, 0, 2, 1, 438),
(1819, 439, 6, 0, 2, 2, 439),
(1820, 440, 2, 0, 7, 2, 440),
(1821, 441, 0, 0, 6, 2, 441),
(1822, 442, 4, 0, 3, 1, 442),
(1823, 443, 6, 0, 5, 1, 443),
(1824, 444, 5, 0, 6, 1, 444),
(1825, 445, 7, 0, 6, 1, 445),
(1826, 446, 1, 0, 1, 1, 446),
(1827, 447, 2, 0, 4, 1, 447),
(1828, 448, 6, 0, 4, 1, 448),
(1829, 449, 7, 0, 2, 1, 449),
(1830, 450, 4, 0, 2, 2, 450),
(1831, 451, 3, 0, 3, 2, 451),
(1832, 452, 9, 0, 7, 1, 452),
(1833, 453, 6, 0, 3, 2, 453),
(1834, 454, 6, 0, 2, 2, 454),
(1835, 455, 0, 0, 1, 2, 455),
(1836, 456, 5, 0, 7, 1, 456),
(1837, 457, 8, 0, 4, 1, 457),
(1838, 458, 8, 0, 7, 1, 458),
(1839, 459, 7, 0, 7, 2, 459),
(1840, 460, 5, 0, 4, 1, 460),
(1841, 1, 8, 0, 6, 1, 1),
(1842, 2, 8, 0, 2, 2, 2),
(1843, 3, 3, 0, 7, 1, 3),
(1844, 4, 4, 0, 5, 2, 4),
(1845, 5, 8, 0, 4, 2, 5),
(1846, 6, 5, 0, 4, 2, 6),
(1847, 7, 9, 0, 6, 2, 7),
(1848, 8, 0, 0, 1, 2, 8),
(1849, 9, 6, 0, 4, 2, 9);
INSERT INTO `end` (`arrowNo`, `endNo`, `pointsNo`, `center`, `distanceID`, `targetFaceID`, `rangeNo`) VALUES
(1850, 10, 3, 0, 6, 1, 10),
(1851, 11, 2, 0, 2, 2, 11),
(1852, 12, 8, 0, 1, 2, 12),
(1853, 13, 7, 0, 5, 1, 13),
(1854, 14, 4, 0, 6, 1, 14),
(1855, 15, 3, 0, 3, 2, 15),
(1856, 16, 8, 0, 6, 2, 16),
(1857, 17, 5, 0, 1, 2, 17),
(1858, 18, 6, 0, 5, 1, 18),
(1859, 19, 7, 0, 3, 1, 19),
(1860, 20, 9, 0, 7, 1, 20),
(1861, 21, 5, 0, 1, 2, 21),
(1862, 22, 9, 0, 7, 1, 22),
(1863, 23, 4, 0, 1, 1, 23),
(1864, 24, 5, 0, 5, 1, 24),
(1865, 25, 9, 0, 4, 1, 25),
(1866, 26, 9, 0, 4, 2, 26),
(1867, 27, 4, 0, 4, 1, 27),
(1868, 28, 5, 0, 1, 1, 28),
(1869, 29, 9, 0, 3, 1, 29),
(1870, 30, 7, 0, 1, 2, 30),
(1871, 31, 5, 0, 6, 2, 31),
(1872, 32, 1, 0, 2, 1, 32),
(1873, 33, 0, 0, 1, 1, 33),
(1874, 34, 3, 0, 7, 2, 34),
(1875, 35, 6, 0, 3, 2, 35),
(1876, 36, 7, 0, 4, 1, 36),
(1877, 37, 0, 0, 4, 1, 37),
(1878, 38, 8, 0, 4, 2, 38),
(1879, 39, 7, 0, 1, 2, 39),
(1880, 40, 4, 0, 1, 1, 40),
(1881, 41, 9, 0, 3, 1, 41),
(1882, 42, 9, 0, 3, 2, 42),
(1883, 43, 1, 0, 2, 1, 43),
(1884, 44, 4, 0, 4, 1, 44),
(1885, 45, 8, 0, 3, 1, 45),
(1886, 46, 9, 0, 4, 1, 46),
(1887, 47, 5, 0, 1, 2, 47),
(1888, 48, 4, 0, 1, 2, 48),
(1889, 49, 4, 0, 1, 1, 49),
(1890, 50, 9, 0, 1, 2, 50),
(1891, 51, 4, 0, 2, 2, 51),
(1892, 52, 9, 0, 2, 2, 52),
(1893, 53, 7, 0, 1, 1, 53),
(1894, 54, 0, 0, 1, 2, 54),
(1895, 55, 9, 0, 5, 1, 55),
(1896, 56, 7, 0, 2, 2, 56),
(1897, 57, 3, 0, 1, 1, 57),
(1898, 58, 3, 0, 2, 2, 58),
(1899, 59, 0, 0, 1, 1, 59),
(1900, 60, 9, 0, 1, 1, 60),
(1901, 61, 6, 0, 4, 1, 61),
(1902, 62, 5, 0, 6, 2, 62),
(1903, 63, 8, 0, 7, 1, 63),
(1904, 64, 8, 0, 7, 2, 64),
(1905, 65, 5, 0, 6, 2, 65),
(1906, 66, 6, 0, 4, 1, 66),
(1907, 67, 2, 0, 1, 2, 67),
(1908, 68, 4, 0, 6, 2, 68),
(1909, 69, 7, 0, 4, 1, 69),
(1910, 70, 4, 0, 5, 2, 70),
(1911, 71, 6, 0, 2, 1, 71),
(1912, 72, 5, 0, 5, 2, 72),
(1913, 73, 9, 0, 3, 1, 73),
(1914, 74, 8, 0, 2, 1, 74),
(1915, 75, 9, 0, 4, 1, 75),
(1916, 76, 1, 0, 1, 1, 76),
(1917, 77, 5, 0, 7, 1, 77),
(1918, 78, 6, 0, 3, 1, 78),
(1919, 79, 8, 0, 6, 2, 79),
(1920, 80, 7, 0, 2, 1, 80),
(1921, 81, 0, 0, 4, 2, 81),
(1922, 82, 8, 0, 7, 2, 82),
(1923, 83, 9, 0, 5, 1, 83),
(1924, 84, 9, 0, 5, 2, 84),
(1925, 85, 2, 0, 3, 2, 85),
(1926, 86, 9, 0, 2, 2, 86),
(1927, 87, 7, 0, 7, 2, 87),
(1928, 88, 3, 0, 6, 1, 88),
(1929, 89, 0, 0, 1, 1, 89),
(1930, 90, 6, 0, 3, 1, 90),
(1931, 91, 1, 0, 2, 1, 91),
(1932, 92, 7, 0, 1, 1, 92),
(1933, 93, 8, 0, 7, 2, 93),
(1934, 94, 7, 0, 5, 2, 94),
(1935, 95, 2, 0, 3, 1, 95),
(1936, 96, 1, 0, 2, 2, 96),
(1937, 97, 5, 0, 2, 2, 97),
(1938, 98, 1, 0, 2, 2, 98),
(1939, 99, 0, 0, 4, 2, 99),
(1940, 100, 2, 0, 3, 1, 100),
(1941, 101, 0, 0, 6, 2, 101),
(1942, 102, 2, 0, 4, 1, 102),
(1943, 103, 2, 0, 7, 1, 103),
(1944, 104, 0, 0, 4, 2, 104),
(1945, 105, 6, 0, 1, 1, 105),
(1946, 106, 8, 0, 5, 1, 106),
(1947, 107, 6, 0, 5, 1, 107),
(1948, 108, 9, 0, 4, 1, 108),
(1949, 109, 4, 0, 4, 2, 109),
(1950, 110, 9, 0, 6, 1, 110),
(1951, 111, 1, 0, 6, 2, 111),
(1952, 112, 5, 0, 3, 1, 112),
(1953, 113, 6, 0, 6, 2, 113),
(1954, 114, 4, 0, 3, 1, 114),
(1955, 115, 3, 0, 7, 2, 115),
(1956, 116, 2, 0, 6, 2, 116),
(1957, 117, 8, 0, 1, 1, 117),
(1958, 118, 2, 0, 6, 2, 118),
(1959, 119, 1, 0, 5, 1, 119),
(1960, 120, 1, 0, 6, 1, 120),
(1961, 121, 6, 0, 1, 1, 121),
(1962, 122, 8, 0, 3, 2, 122),
(1963, 123, 9, 0, 3, 2, 123),
(1964, 124, 8, 0, 5, 1, 124),
(1965, 125, 2, 0, 1, 2, 125),
(1966, 126, 6, 0, 1, 1, 126),
(1967, 127, 4, 0, 5, 2, 127),
(1968, 128, 6, 0, 5, 1, 128),
(1969, 129, 9, 0, 6, 2, 129),
(1970, 130, 7, 0, 5, 1, 130),
(1971, 131, 9, 0, 6, 2, 131),
(1972, 132, 7, 0, 1, 1, 132),
(1973, 133, 3, 0, 1, 2, 133),
(1974, 134, 1, 0, 6, 2, 134),
(1975, 135, 6, 0, 3, 1, 135),
(1976, 136, 3, 0, 1, 2, 136),
(1977, 137, 4, 0, 3, 2, 137),
(1978, 138, 6, 0, 2, 2, 138),
(1979, 139, 7, 0, 3, 2, 139),
(1980, 140, 2, 0, 3, 2, 140),
(1981, 141, 0, 0, 4, 1, 141),
(1982, 142, 1, 0, 3, 2, 142),
(1983, 143, 4, 0, 2, 2, 143),
(1984, 144, 5, 0, 6, 2, 144),
(1985, 145, 8, 0, 6, 1, 145),
(1986, 146, 9, 0, 2, 1, 146),
(1987, 147, 6, 0, 4, 1, 147),
(1988, 148, 7, 0, 2, 1, 148),
(1989, 149, 8, 0, 2, 2, 149),
(1990, 150, 4, 0, 3, 1, 150),
(1991, 151, 2, 0, 7, 2, 151),
(1992, 152, 9, 0, 2, 2, 152),
(1993, 153, 3, 0, 1, 2, 153),
(1994, 154, 1, 0, 5, 2, 154),
(1995, 155, 0, 0, 6, 1, 155),
(1996, 156, 9, 0, 5, 1, 156),
(1997, 157, 8, 0, 5, 2, 157),
(1998, 158, 7, 0, 6, 2, 158),
(1999, 159, 0, 0, 4, 1, 159),
(2000, 160, 1, 0, 4, 2, 160),
(2001, 161, 9, 0, 2, 1, 161),
(2002, 162, 2, 0, 7, 1, 162),
(2003, 163, 9, 0, 3, 1, 163),
(2004, 164, 4, 0, 2, 1, 164),
(2005, 165, 2, 0, 5, 2, 165),
(2006, 166, 2, 0, 7, 1, 166),
(2007, 167, 8, 0, 7, 1, 167),
(2008, 168, 6, 0, 5, 2, 168),
(2009, 169, 1, 0, 4, 2, 169),
(2010, 170, 5, 0, 6, 1, 170),
(2011, 171, 4, 0, 1, 2, 171),
(2012, 172, 8, 0, 4, 1, 172),
(2013, 173, 4, 0, 4, 1, 173),
(2014, 174, 7, 0, 5, 2, 174),
(2015, 175, 2, 0, 3, 1, 175),
(2016, 176, 3, 0, 7, 1, 176),
(2017, 177, 3, 0, 3, 1, 177),
(2018, 178, 8, 0, 7, 1, 178),
(2019, 179, 2, 0, 7, 2, 179),
(2020, 180, 3, 0, 2, 1, 180),
(2021, 181, 8, 0, 6, 1, 181),
(2022, 182, 3, 0, 6, 1, 182),
(2023, 183, 0, 0, 1, 2, 183),
(2024, 184, 1, 0, 3, 2, 184),
(2025, 185, 2, 0, 5, 2, 185),
(2026, 186, 5, 0, 5, 1, 186),
(2027, 187, 7, 0, 3, 2, 187),
(2028, 188, 7, 0, 2, 2, 188),
(2029, 189, 5, 0, 1, 2, 189),
(2030, 190, 5, 0, 5, 2, 190),
(2031, 191, 3, 0, 5, 2, 191),
(2032, 192, 8, 0, 1, 2, 192),
(2033, 193, 1, 0, 5, 1, 193),
(2034, 194, 4, 0, 2, 2, 194),
(2035, 195, 7, 0, 4, 2, 195),
(2036, 196, 1, 0, 6, 2, 196),
(2037, 197, 4, 0, 4, 2, 197),
(2038, 198, 7, 0, 5, 2, 198),
(2039, 199, 3, 0, 1, 2, 199),
(2040, 200, 0, 0, 3, 1, 200),
(2041, 201, 4, 0, 5, 1, 201),
(2042, 202, 5, 0, 3, 1, 202),
(2043, 203, 1, 0, 2, 2, 203),
(2044, 204, 1, 0, 4, 2, 204),
(2045, 205, 9, 0, 2, 2, 205),
(2046, 206, 0, 0, 4, 1, 206),
(2047, 207, 6, 0, 3, 1, 207),
(2048, 208, 7, 0, 3, 2, 208),
(2049, 209, 8, 0, 5, 2, 209),
(2050, 210, 1, 0, 1, 1, 210),
(2051, 211, 0, 0, 1, 1, 211),
(2052, 212, 6, 0, 2, 1, 212),
(2053, 213, 6, 0, 4, 1, 213),
(2054, 214, 3, 0, 1, 2, 214),
(2055, 215, 5, 0, 7, 2, 215),
(2056, 216, 8, 0, 5, 2, 216),
(2057, 217, 0, 0, 6, 2, 217),
(2058, 218, 1, 0, 6, 2, 218),
(2059, 219, 7, 0, 4, 2, 219),
(2060, 220, 1, 0, 1, 2, 220),
(2061, 221, 9, 0, 3, 2, 221),
(2062, 222, 1, 0, 7, 2, 222),
(2063, 223, 4, 0, 3, 2, 223),
(2064, 224, 1, 0, 7, 1, 224),
(2065, 225, 5, 0, 6, 1, 225),
(2066, 226, 9, 0, 3, 2, 226),
(2067, 227, 9, 0, 6, 1, 227),
(2068, 228, 2, 0, 2, 1, 228),
(2069, 229, 5, 0, 7, 1, 229),
(2070, 230, 8, 0, 1, 1, 230),
(2071, 231, 5, 0, 3, 1, 231),
(2072, 232, 8, 0, 2, 1, 232),
(2073, 233, 9, 0, 5, 1, 233),
(2074, 234, 7, 0, 3, 1, 234),
(2075, 235, 3, 0, 4, 2, 235),
(2076, 236, 9, 0, 5, 2, 236),
(2077, 237, 9, 0, 5, 1, 237),
(2078, 238, 0, 0, 3, 1, 238),
(2079, 239, 9, 0, 7, 1, 239),
(2080, 240, 8, 0, 3, 1, 240),
(2081, 241, 3, 0, 6, 1, 241),
(2082, 242, 5, 0, 2, 2, 242),
(2083, 243, 8, 0, 6, 2, 243),
(2084, 244, 7, 0, 7, 2, 244),
(2085, 245, 4, 0, 3, 2, 245),
(2086, 246, 0, 0, 4, 1, 246),
(2087, 247, 8, 0, 6, 1, 247),
(2088, 248, 4, 0, 3, 1, 248),
(2089, 249, 1, 0, 3, 2, 249),
(2090, 250, 8, 0, 7, 1, 250),
(2091, 251, 2, 0, 4, 2, 251),
(2092, 252, 3, 0, 1, 2, 252),
(2093, 253, 0, 0, 3, 2, 253),
(2094, 254, 6, 0, 2, 1, 254),
(2095, 255, 7, 0, 5, 1, 255),
(2096, 256, 0, 0, 2, 2, 256),
(2097, 257, 1, 0, 5, 2, 257),
(2098, 258, 6, 0, 3, 2, 258),
(2099, 259, 3, 0, 5, 2, 259),
(2100, 260, 8, 0, 7, 2, 260),
(2101, 261, 2, 0, 7, 2, 261),
(2102, 262, 1, 0, 5, 1, 262),
(2103, 263, 4, 0, 3, 2, 263),
(2104, 264, 7, 0, 4, 1, 264),
(2105, 265, 5, 0, 2, 2, 265),
(2106, 266, 2, 0, 4, 1, 266),
(2107, 267, 4, 0, 4, 1, 267),
(2108, 268, 8, 0, 5, 2, 268),
(2109, 269, 7, 0, 4, 1, 269),
(2110, 270, 2, 0, 1, 2, 270),
(2111, 271, 2, 0, 7, 1, 271),
(2112, 272, 9, 0, 5, 1, 272),
(2113, 273, 9, 0, 1, 2, 273),
(2114, 274, 4, 0, 3, 2, 274),
(2115, 275, 3, 0, 4, 2, 275),
(2116, 276, 8, 0, 2, 2, 276),
(2117, 277, 0, 0, 4, 1, 277),
(2118, 278, 2, 0, 6, 2, 278),
(2119, 279, 1, 0, 3, 2, 279),
(2120, 280, 3, 0, 5, 1, 280),
(2121, 281, 3, 0, 6, 2, 281),
(2122, 282, 3, 0, 7, 2, 282),
(2123, 283, 9, 0, 1, 1, 283),
(2124, 284, 1, 0, 6, 1, 284),
(2125, 285, 8, 0, 6, 2, 285),
(2126, 286, 6, 0, 2, 1, 286),
(2127, 287, 9, 0, 3, 1, 287),
(2128, 288, 6, 0, 3, 1, 288),
(2129, 289, 6, 0, 6, 1, 289),
(2130, 290, 5, 0, 3, 1, 290),
(2131, 291, 5, 0, 4, 1, 291),
(2132, 292, 0, 0, 7, 1, 292),
(2133, 293, 0, 0, 2, 1, 293),
(2134, 294, 0, 0, 5, 1, 294),
(2135, 295, 4, 0, 1, 2, 295),
(2136, 296, 5, 0, 5, 1, 296),
(2137, 297, 2, 0, 4, 2, 297),
(2138, 298, 8, 0, 2, 1, 298),
(2139, 299, 5, 0, 3, 1, 299),
(2140, 300, 5, 0, 2, 1, 300),
(2141, 301, 3, 0, 2, 1, 301),
(2142, 302, 8, 0, 1, 1, 302),
(2143, 303, 7, 0, 4, 1, 303),
(2144, 304, 1, 0, 5, 1, 304),
(2145, 305, 4, 0, 7, 2, 305),
(2146, 306, 8, 0, 1, 2, 306),
(2147, 307, 0, 0, 5, 1, 307),
(2148, 308, 9, 0, 5, 2, 308),
(2149, 309, 3, 0, 7, 1, 309),
(2150, 310, 9, 0, 4, 1, 310),
(2151, 311, 6, 0, 4, 2, 311),
(2152, 312, 9, 0, 3, 2, 312),
(2153, 313, 0, 0, 2, 1, 313),
(2154, 314, 1, 0, 7, 1, 314),
(2155, 315, 1, 0, 2, 1, 315),
(2156, 316, 5, 0, 4, 2, 316),
(2157, 317, 4, 0, 4, 1, 317),
(2158, 318, 6, 0, 7, 1, 318),
(2159, 319, 7, 0, 6, 2, 319),
(2160, 320, 0, 0, 7, 2, 320),
(2161, 321, 8, 0, 5, 2, 321),
(2162, 322, 4, 0, 1, 1, 322),
(2163, 323, 9, 0, 6, 1, 323),
(2164, 324, 2, 0, 2, 1, 324),
(2165, 325, 4, 0, 4, 2, 325),
(2166, 326, 5, 0, 7, 2, 326),
(2167, 327, 8, 0, 2, 2, 327),
(2168, 328, 0, 0, 5, 1, 328),
(2169, 329, 5, 0, 1, 2, 329),
(2170, 330, 5, 0, 1, 2, 330),
(2171, 331, 0, 0, 6, 2, 331),
(2172, 332, 4, 0, 2, 2, 332),
(2173, 333, 1, 0, 2, 1, 333),
(2174, 334, 5, 0, 7, 2, 334),
(2175, 335, 8, 0, 5, 1, 335),
(2176, 336, 9, 0, 2, 1, 336),
(2177, 337, 7, 0, 4, 1, 337),
(2178, 338, 7, 0, 5, 1, 338),
(2179, 339, 7, 0, 7, 2, 339),
(2180, 340, 3, 0, 6, 2, 340),
(2181, 341, 8, 0, 7, 1, 341),
(2182, 342, 2, 0, 2, 1, 342),
(2183, 343, 2, 0, 1, 1, 343),
(2184, 344, 9, 0, 4, 2, 344),
(2185, 345, 9, 0, 3, 2, 345),
(2186, 346, 7, 0, 6, 2, 346),
(2187, 347, 8, 0, 2, 1, 347),
(2188, 348, 5, 0, 6, 2, 348),
(2189, 349, 9, 0, 1, 2, 349),
(2190, 350, 5, 0, 5, 2, 350),
(2191, 351, 0, 0, 3, 2, 351),
(2192, 352, 0, 0, 3, 1, 352),
(2193, 353, 9, 0, 1, 2, 353),
(2194, 354, 0, 0, 6, 1, 354),
(2195, 355, 2, 0, 2, 2, 355),
(2196, 356, 5, 0, 1, 2, 356),
(2197, 357, 9, 0, 3, 2, 357),
(2198, 358, 3, 0, 2, 2, 358),
(2199, 359, 7, 0, 2, 1, 359),
(2200, 360, 8, 0, 5, 2, 360),
(2201, 361, 0, 0, 1, 1, 361),
(2202, 362, 0, 0, 6, 1, 362),
(2203, 363, 4, 0, 3, 1, 363),
(2204, 364, 9, 0, 7, 1, 364),
(2205, 365, 4, 0, 5, 1, 365),
(2206, 366, 5, 0, 1, 1, 366),
(2207, 367, 5, 0, 2, 1, 367),
(2208, 368, 5, 0, 7, 1, 368),
(2209, 369, 3, 0, 3, 2, 369),
(2210, 370, 8, 0, 2, 1, 370),
(2211, 371, 0, 0, 4, 2, 371),
(2212, 372, 1, 0, 6, 2, 372),
(2213, 373, 5, 0, 7, 1, 373),
(2214, 374, 6, 0, 1, 2, 374),
(2215, 375, 7, 0, 5, 2, 375),
(2216, 376, 1, 0, 3, 1, 376),
(2217, 377, 2, 0, 1, 1, 377),
(2218, 378, 9, 0, 4, 2, 378),
(2219, 379, 1, 0, 6, 2, 379),
(2220, 380, 8, 0, 5, 2, 380),
(2221, 381, 1, 0, 2, 2, 381),
(2222, 382, 1, 0, 5, 2, 382),
(2223, 383, 4, 0, 2, 1, 383),
(2224, 384, 2, 0, 4, 2, 384),
(2225, 385, 6, 0, 5, 2, 385),
(2226, 386, 4, 0, 5, 2, 386),
(2227, 387, 8, 0, 3, 2, 387),
(2228, 388, 6, 0, 1, 2, 388),
(2229, 389, 7, 0, 2, 1, 389),
(2230, 390, 0, 0, 4, 2, 390),
(2231, 391, 8, 0, 7, 2, 391),
(2232, 392, 4, 0, 3, 1, 392),
(2233, 393, 3, 0, 1, 1, 393),
(2234, 394, 7, 0, 2, 1, 394),
(2235, 395, 9, 0, 5, 2, 395),
(2236, 396, 7, 0, 2, 1, 396),
(2237, 397, 7, 0, 3, 1, 397),
(2238, 398, 2, 0, 6, 1, 398),
(2239, 399, 0, 0, 1, 1, 399),
(2240, 400, 9, 0, 6, 1, 400),
(2241, 401, 1, 0, 5, 1, 401),
(2242, 402, 7, 0, 3, 2, 402),
(2243, 403, 3, 0, 5, 2, 403),
(2244, 404, 6, 0, 5, 1, 404),
(2245, 405, 4, 0, 5, 2, 405),
(2246, 406, 3, 0, 7, 2, 406),
(2247, 407, 8, 0, 3, 1, 407),
(2248, 408, 9, 0, 5, 1, 408),
(2249, 409, 0, 0, 3, 1, 409),
(2250, 410, 8, 0, 6, 1, 410),
(2251, 411, 1, 0, 4, 2, 411),
(2252, 412, 0, 0, 5, 2, 412),
(2253, 413, 7, 0, 6, 2, 413),
(2254, 414, 4, 0, 4, 2, 414),
(2255, 415, 6, 0, 6, 1, 415),
(2256, 416, 8, 0, 3, 1, 416),
(2257, 417, 3, 0, 3, 1, 417),
(2258, 418, 2, 0, 6, 1, 418),
(2259, 419, 7, 0, 5, 1, 419),
(2260, 420, 2, 0, 3, 2, 420),
(2261, 421, 3, 0, 1, 2, 421),
(2262, 422, 7, 0, 5, 2, 422),
(2263, 423, 0, 0, 2, 1, 423),
(2264, 424, 3, 0, 3, 1, 424),
(2265, 425, 5, 0, 3, 2, 425),
(2266, 426, 9, 0, 4, 2, 426),
(2267, 427, 1, 0, 7, 1, 427),
(2268, 428, 0, 0, 1, 2, 428),
(2269, 429, 4, 0, 2, 1, 429),
(2270, 430, 6, 0, 3, 1, 430),
(2271, 431, 8, 0, 3, 2, 431),
(2272, 432, 4, 0, 2, 2, 432),
(2273, 433, 5, 0, 3, 1, 433),
(2274, 434, 9, 0, 7, 2, 434),
(2275, 435, 3, 0, 3, 2, 435),
(2276, 436, 9, 0, 4, 2, 436),
(2277, 437, 5, 0, 7, 1, 437),
(2278, 438, 6, 0, 2, 1, 438),
(2279, 439, 6, 0, 2, 2, 439),
(2280, 440, 2, 0, 7, 2, 440),
(2281, 441, 0, 0, 6, 2, 441),
(2282, 442, 4, 0, 3, 1, 442),
(2283, 443, 6, 0, 5, 1, 443),
(2284, 444, 5, 0, 6, 1, 444),
(2285, 445, 7, 0, 6, 1, 445),
(2286, 446, 1, 0, 1, 1, 446),
(2287, 447, 2, 0, 4, 1, 447),
(2288, 448, 6, 0, 4, 1, 448),
(2289, 449, 7, 0, 2, 1, 449),
(2290, 450, 4, 0, 2, 2, 450),
(2291, 451, 3, 0, 3, 2, 451),
(2292, 452, 9, 0, 7, 1, 452),
(2293, 453, 6, 0, 3, 2, 453),
(2294, 454, 6, 0, 2, 2, 454),
(2295, 455, 0, 0, 1, 2, 455),
(2296, 456, 5, 0, 7, 1, 456),
(2297, 457, 8, 0, 4, 1, 457),
(2298, 458, 8, 0, 7, 1, 458),
(2299, 459, 7, 0, 7, 2, 459),
(2300, 460, 5, 0, 4, 1, 460),
(2301, 1, 8, 0, 6, 1, 1),
(2302, 2, 8, 0, 2, 2, 2),
(2303, 3, 3, 0, 7, 1, 3),
(2304, 4, 4, 0, 5, 2, 4),
(2305, 5, 8, 0, 4, 2, 5),
(2306, 6, 5, 0, 4, 2, 6),
(2307, 7, 9, 0, 6, 2, 7),
(2308, 8, 0, 0, 1, 2, 8),
(2309, 9, 6, 0, 4, 2, 9),
(2310, 10, 3, 0, 6, 1, 10),
(2311, 11, 2, 0, 2, 2, 11),
(2312, 12, 8, 0, 1, 2, 12),
(2313, 13, 7, 0, 5, 1, 13),
(2314, 14, 4, 0, 6, 1, 14),
(2315, 15, 3, 0, 3, 2, 15),
(2316, 16, 8, 0, 6, 2, 16),
(2317, 17, 5, 0, 1, 2, 17),
(2318, 18, 6, 0, 5, 1, 18),
(2319, 19, 7, 0, 3, 1, 19),
(2320, 20, 9, 0, 7, 1, 20),
(2321, 21, 5, 0, 1, 2, 21),
(2322, 22, 9, 0, 7, 1, 22),
(2323, 23, 4, 0, 1, 1, 23),
(2324, 24, 5, 0, 5, 1, 24),
(2325, 25, 9, 0, 4, 1, 25),
(2326, 26, 9, 0, 4, 2, 26),
(2327, 27, 4, 0, 4, 1, 27),
(2328, 28, 5, 0, 1, 1, 28),
(2329, 29, 9, 0, 3, 1, 29),
(2330, 30, 7, 0, 1, 2, 30),
(2331, 31, 5, 0, 6, 2, 31),
(2332, 32, 1, 0, 2, 1, 32),
(2333, 33, 0, 0, 1, 1, 33),
(2334, 34, 3, 0, 7, 2, 34),
(2335, 35, 6, 0, 3, 2, 35),
(2336, 36, 7, 0, 4, 1, 36),
(2337, 37, 0, 0, 4, 1, 37),
(2338, 38, 8, 0, 4, 2, 38),
(2339, 39, 7, 0, 1, 2, 39),
(2340, 40, 4, 0, 1, 1, 40),
(2341, 41, 9, 0, 3, 1, 41),
(2342, 42, 9, 0, 3, 2, 42),
(2343, 43, 1, 0, 2, 1, 43),
(2344, 44, 4, 0, 4, 1, 44),
(2345, 45, 8, 0, 3, 1, 45),
(2346, 46, 9, 0, 4, 1, 46),
(2347, 47, 5, 0, 1, 2, 47),
(2348, 48, 4, 0, 1, 2, 48),
(2349, 49, 4, 0, 1, 1, 49),
(2350, 50, 9, 0, 1, 2, 50),
(2351, 51, 4, 0, 2, 2, 51),
(2352, 52, 9, 0, 2, 2, 52),
(2353, 53, 7, 0, 1, 1, 53),
(2354, 54, 0, 0, 1, 2, 54),
(2355, 55, 9, 0, 5, 1, 55),
(2356, 56, 7, 0, 2, 2, 56),
(2357, 57, 3, 0, 1, 1, 57),
(2358, 58, 3, 0, 2, 2, 58),
(2359, 59, 0, 0, 1, 1, 59),
(2360, 60, 9, 0, 1, 1, 60),
(2361, 61, 6, 0, 4, 1, 61),
(2362, 62, 5, 0, 6, 2, 62),
(2363, 63, 8, 0, 7, 1, 63),
(2364, 64, 8, 0, 7, 2, 64),
(2365, 65, 5, 0, 6, 2, 65),
(2366, 66, 6, 0, 4, 1, 66),
(2367, 67, 2, 0, 1, 2, 67),
(2368, 68, 4, 0, 6, 2, 68),
(2369, 69, 7, 0, 4, 1, 69),
(2370, 70, 4, 0, 5, 2, 70),
(2371, 71, 6, 0, 2, 1, 71),
(2372, 72, 5, 0, 5, 2, 72),
(2373, 73, 9, 0, 3, 1, 73),
(2374, 74, 8, 0, 2, 1, 74),
(2375, 75, 9, 0, 4, 1, 75),
(2376, 76, 1, 0, 1, 1, 76),
(2377, 77, 5, 0, 7, 1, 77),
(2378, 78, 6, 0, 3, 1, 78),
(2379, 79, 8, 0, 6, 2, 79),
(2380, 80, 7, 0, 2, 1, 80),
(2381, 81, 0, 0, 4, 2, 81),
(2382, 82, 8, 0, 7, 2, 82),
(2383, 83, 9, 0, 5, 1, 83),
(2384, 84, 9, 0, 5, 2, 84),
(2385, 85, 2, 0, 3, 2, 85),
(2386, 86, 9, 0, 2, 2, 86),
(2387, 87, 7, 0, 7, 2, 87),
(2388, 88, 3, 0, 6, 1, 88),
(2389, 89, 0, 0, 1, 1, 89),
(2390, 90, 6, 0, 3, 1, 90),
(2391, 91, 1, 0, 2, 1, 91),
(2392, 92, 7, 0, 1, 1, 92),
(2393, 93, 8, 0, 7, 2, 93),
(2394, 94, 7, 0, 5, 2, 94),
(2395, 95, 2, 0, 3, 1, 95),
(2396, 96, 1, 0, 2, 2, 96),
(2397, 97, 5, 0, 2, 2, 97),
(2398, 98, 1, 0, 2, 2, 98),
(2399, 99, 0, 0, 4, 2, 99),
(2400, 100, 2, 0, 3, 1, 100),
(2401, 101, 0, 0, 6, 2, 101),
(2402, 102, 2, 0, 4, 1, 102),
(2403, 103, 2, 0, 7, 1, 103),
(2404, 104, 0, 0, 4, 2, 104),
(2405, 105, 6, 0, 1, 1, 105),
(2406, 106, 8, 0, 5, 1, 106),
(2407, 107, 6, 0, 5, 1, 107),
(2408, 108, 9, 0, 4, 1, 108),
(2409, 109, 4, 0, 4, 2, 109),
(2410, 110, 9, 0, 6, 1, 110),
(2411, 111, 1, 0, 6, 2, 111),
(2412, 112, 5, 0, 3, 1, 112),
(2413, 113, 6, 0, 6, 2, 113),
(2414, 114, 4, 0, 3, 1, 114),
(2415, 115, 3, 0, 7, 2, 115),
(2416, 116, 2, 0, 6, 2, 116),
(2417, 117, 8, 0, 1, 1, 117),
(2418, 118, 2, 0, 6, 2, 118),
(2419, 119, 1, 0, 5, 1, 119),
(2420, 120, 1, 0, 6, 1, 120),
(2421, 121, 6, 0, 1, 1, 121),
(2422, 122, 8, 0, 3, 2, 122),
(2423, 123, 9, 0, 3, 2, 123),
(2424, 124, 8, 0, 5, 1, 124),
(2425, 125, 2, 0, 1, 2, 125),
(2426, 126, 6, 0, 1, 1, 126),
(2427, 127, 4, 0, 5, 2, 127),
(2428, 128, 6, 0, 5, 1, 128),
(2429, 129, 9, 0, 6, 2, 129),
(2430, 130, 7, 0, 5, 1, 130),
(2431, 131, 9, 0, 6, 2, 131),
(2432, 132, 7, 0, 1, 1, 132),
(2433, 133, 3, 0, 1, 2, 133),
(2434, 134, 1, 0, 6, 2, 134),
(2435, 135, 6, 0, 3, 1, 135),
(2436, 136, 3, 0, 1, 2, 136),
(2437, 137, 4, 0, 3, 2, 137),
(2438, 138, 6, 0, 2, 2, 138),
(2439, 139, 7, 0, 3, 2, 139),
(2440, 140, 2, 0, 3, 2, 140),
(2441, 141, 0, 0, 4, 1, 141),
(2442, 142, 1, 0, 3, 2, 142),
(2443, 143, 4, 0, 2, 2, 143),
(2444, 144, 5, 0, 6, 2, 144),
(2445, 145, 8, 0, 6, 1, 145),
(2446, 146, 9, 0, 2, 1, 146),
(2447, 147, 6, 0, 4, 1, 147),
(2448, 148, 7, 0, 2, 1, 148),
(2449, 149, 8, 0, 2, 2, 149),
(2450, 150, 4, 0, 3, 1, 150),
(2451, 151, 2, 0, 7, 2, 151),
(2452, 152, 9, 0, 2, 2, 152),
(2453, 153, 3, 0, 1, 2, 153),
(2454, 154, 1, 0, 5, 2, 154),
(2455, 155, 0, 0, 6, 1, 155),
(2456, 156, 9, 0, 5, 1, 156),
(2457, 157, 8, 0, 5, 2, 157),
(2458, 158, 7, 0, 6, 2, 158),
(2459, 159, 0, 0, 4, 1, 159),
(2460, 160, 1, 0, 4, 2, 160),
(2461, 161, 9, 0, 2, 1, 161),
(2462, 162, 2, 0, 7, 1, 162),
(2463, 163, 9, 0, 3, 1, 163),
(2464, 164, 4, 0, 2, 1, 164),
(2465, 165, 2, 0, 5, 2, 165),
(2466, 166, 2, 0, 7, 1, 166),
(2467, 167, 8, 0, 7, 1, 167),
(2468, 168, 6, 0, 5, 2, 168),
(2469, 169, 1, 0, 4, 2, 169),
(2470, 170, 5, 0, 6, 1, 170),
(2471, 171, 4, 0, 1, 2, 171),
(2472, 172, 8, 0, 4, 1, 172),
(2473, 173, 4, 0, 4, 1, 173),
(2474, 174, 7, 0, 5, 2, 174),
(2475, 175, 2, 0, 3, 1, 175),
(2476, 176, 3, 0, 7, 1, 176),
(2477, 177, 3, 0, 3, 1, 177),
(2478, 178, 8, 0, 7, 1, 178),
(2479, 179, 2, 0, 7, 2, 179),
(2480, 180, 3, 0, 2, 1, 180),
(2481, 181, 8, 0, 6, 1, 181),
(2482, 182, 3, 0, 6, 1, 182),
(2483, 183, 0, 0, 1, 2, 183),
(2484, 184, 1, 0, 3, 2, 184),
(2485, 185, 2, 0, 5, 2, 185),
(2486, 186, 5, 0, 5, 1, 186),
(2487, 187, 7, 0, 3, 2, 187),
(2488, 188, 7, 0, 2, 2, 188),
(2489, 189, 5, 0, 1, 2, 189),
(2490, 190, 5, 0, 5, 2, 190),
(2491, 191, 3, 0, 5, 2, 191),
(2492, 192, 8, 0, 1, 2, 192),
(2493, 193, 1, 0, 5, 1, 193),
(2494, 194, 4, 0, 2, 2, 194),
(2495, 195, 7, 0, 4, 2, 195),
(2496, 196, 1, 0, 6, 2, 196),
(2497, 197, 4, 0, 4, 2, 197),
(2498, 198, 7, 0, 5, 2, 198),
(2499, 199, 3, 0, 1, 2, 199),
(2500, 200, 0, 0, 3, 1, 200),
(2501, 201, 4, 0, 5, 1, 201),
(2502, 202, 5, 0, 3, 1, 202),
(2503, 203, 1, 0, 2, 2, 203),
(2504, 204, 1, 0, 4, 2, 204),
(2505, 205, 9, 0, 2, 2, 205),
(2506, 206, 0, 0, 4, 1, 206),
(2507, 207, 6, 0, 3, 1, 207),
(2508, 208, 7, 0, 3, 2, 208),
(2509, 209, 8, 0, 5, 2, 209),
(2510, 210, 1, 0, 1, 1, 210),
(2511, 211, 0, 0, 1, 1, 211),
(2512, 212, 6, 0, 2, 1, 212),
(2513, 213, 6, 0, 4, 1, 213),
(2514, 214, 3, 0, 1, 2, 214),
(2515, 215, 5, 0, 7, 2, 215),
(2516, 216, 8, 0, 5, 2, 216),
(2517, 217, 0, 0, 6, 2, 217),
(2518, 218, 1, 0, 6, 2, 218),
(2519, 219, 7, 0, 4, 2, 219),
(2520, 220, 1, 0, 1, 2, 220),
(2521, 221, 9, 0, 3, 2, 221),
(2522, 222, 1, 0, 7, 2, 222),
(2523, 223, 4, 0, 3, 2, 223),
(2524, 224, 1, 0, 7, 1, 224),
(2525, 225, 5, 0, 6, 1, 225),
(2526, 226, 9, 0, 3, 2, 226),
(2527, 227, 9, 0, 6, 1, 227),
(2528, 228, 2, 0, 2, 1, 228),
(2529, 229, 5, 0, 7, 1, 229),
(2530, 230, 8, 0, 1, 1, 230),
(2531, 231, 5, 0, 3, 1, 231),
(2532, 232, 8, 0, 2, 1, 232),
(2533, 233, 9, 0, 5, 1, 233),
(2534, 234, 7, 0, 3, 1, 234),
(2535, 235, 3, 0, 4, 2, 235),
(2536, 236, 9, 0, 5, 2, 236),
(2537, 237, 9, 0, 5, 1, 237),
(2538, 238, 0, 0, 3, 1, 238),
(2539, 239, 9, 0, 7, 1, 239),
(2540, 240, 8, 0, 3, 1, 240),
(2541, 241, 3, 0, 6, 1, 241),
(2542, 242, 5, 0, 2, 2, 242),
(2543, 243, 8, 0, 6, 2, 243),
(2544, 244, 7, 0, 7, 2, 244),
(2545, 245, 4, 0, 3, 2, 245),
(2546, 246, 0, 0, 4, 1, 246),
(2547, 247, 8, 0, 6, 1, 247),
(2548, 248, 4, 0, 3, 1, 248),
(2549, 249, 1, 0, 3, 2, 249),
(2550, 250, 8, 0, 7, 1, 250),
(2551, 251, 2, 0, 4, 2, 251),
(2552, 252, 3, 0, 1, 2, 252),
(2553, 253, 0, 0, 3, 2, 253),
(2554, 254, 6, 0, 2, 1, 254),
(2555, 255, 7, 0, 5, 1, 255),
(2556, 256, 0, 0, 2, 2, 256),
(2557, 257, 1, 0, 5, 2, 257),
(2558, 258, 6, 0, 3, 2, 258),
(2559, 259, 3, 0, 5, 2, 259),
(2560, 260, 8, 0, 7, 2, 260),
(2561, 261, 2, 0, 7, 2, 261),
(2562, 262, 1, 0, 5, 1, 262),
(2563, 263, 4, 0, 3, 2, 263),
(2564, 264, 7, 0, 4, 1, 264),
(2565, 265, 5, 0, 2, 2, 265),
(2566, 266, 2, 0, 4, 1, 266),
(2567, 267, 4, 0, 4, 1, 267),
(2568, 268, 8, 0, 5, 2, 268),
(2569, 269, 7, 0, 4, 1, 269),
(2570, 270, 2, 0, 1, 2, 270),
(2571, 271, 2, 0, 7, 1, 271),
(2572, 272, 9, 0, 5, 1, 272),
(2573, 273, 9, 0, 1, 2, 273),
(2574, 274, 4, 0, 3, 2, 274),
(2575, 275, 3, 0, 4, 2, 275),
(2576, 276, 8, 0, 2, 2, 276),
(2577, 277, 0, 0, 4, 1, 277),
(2578, 278, 2, 0, 6, 2, 278),
(2579, 279, 1, 0, 3, 2, 279),
(2580, 280, 3, 0, 5, 1, 280),
(2581, 281, 3, 0, 6, 2, 281),
(2582, 282, 3, 0, 7, 2, 282),
(2583, 283, 9, 0, 1, 1, 283),
(2584, 284, 1, 0, 6, 1, 284),
(2585, 285, 8, 0, 6, 2, 285),
(2586, 286, 6, 0, 2, 1, 286),
(2587, 287, 9, 0, 3, 1, 287),
(2588, 288, 6, 0, 3, 1, 288),
(2589, 289, 6, 0, 6, 1, 289),
(2590, 290, 5, 0, 3, 1, 290),
(2591, 291, 5, 0, 4, 1, 291),
(2592, 292, 0, 0, 7, 1, 292),
(2593, 293, 0, 0, 2, 1, 293),
(2594, 294, 0, 0, 5, 1, 294),
(2595, 295, 4, 0, 1, 2, 295),
(2596, 296, 5, 0, 5, 1, 296),
(2597, 297, 2, 0, 4, 2, 297),
(2598, 298, 8, 0, 2, 1, 298),
(2599, 299, 5, 0, 3, 1, 299),
(2600, 300, 5, 0, 2, 1, 300),
(2601, 301, 3, 0, 2, 1, 301),
(2602, 302, 8, 0, 1, 1, 302),
(2603, 303, 7, 0, 4, 1, 303),
(2604, 304, 1, 0, 5, 1, 304),
(2605, 305, 4, 0, 7, 2, 305),
(2606, 306, 8, 0, 1, 2, 306),
(2607, 307, 0, 0, 5, 1, 307),
(2608, 308, 9, 0, 5, 2, 308),
(2609, 309, 3, 0, 7, 1, 309),
(2610, 310, 9, 0, 4, 1, 310),
(2611, 311, 6, 0, 4, 2, 311),
(2612, 312, 9, 0, 3, 2, 312),
(2613, 313, 0, 0, 2, 1, 313),
(2614, 314, 1, 0, 7, 1, 314),
(2615, 315, 1, 0, 2, 1, 315),
(2616, 316, 5, 0, 4, 2, 316),
(2617, 317, 4, 0, 4, 1, 317),
(2618, 318, 6, 0, 7, 1, 318),
(2619, 319, 7, 0, 6, 2, 319),
(2620, 320, 0, 0, 7, 2, 320),
(2621, 321, 8, 0, 5, 2, 321),
(2622, 322, 4, 0, 1, 1, 322),
(2623, 323, 9, 0, 6, 1, 323),
(2624, 324, 2, 0, 2, 1, 324),
(2625, 325, 4, 0, 4, 2, 325),
(2626, 326, 5, 0, 7, 2, 326),
(2627, 327, 8, 0, 2, 2, 327),
(2628, 328, 0, 0, 5, 1, 328),
(2629, 329, 5, 0, 1, 2, 329),
(2630, 330, 5, 0, 1, 2, 330),
(2631, 331, 0, 0, 6, 2, 331),
(2632, 332, 4, 0, 2, 2, 332),
(2633, 333, 1, 0, 2, 1, 333),
(2634, 334, 5, 0, 7, 2, 334),
(2635, 335, 8, 0, 5, 1, 335),
(2636, 336, 9, 0, 2, 1, 336),
(2637, 337, 7, 0, 4, 1, 337),
(2638, 338, 7, 0, 5, 1, 338),
(2639, 339, 7, 0, 7, 2, 339),
(2640, 340, 3, 0, 6, 2, 340),
(2641, 341, 8, 0, 7, 1, 341),
(2642, 342, 2, 0, 2, 1, 342),
(2643, 343, 2, 0, 1, 1, 343),
(2644, 344, 9, 0, 4, 2, 344),
(2645, 345, 9, 0, 3, 2, 345),
(2646, 346, 7, 0, 6, 2, 346),
(2647, 347, 8, 0, 2, 1, 347),
(2648, 348, 5, 0, 6, 2, 348),
(2649, 349, 9, 0, 1, 2, 349),
(2650, 350, 5, 0, 5, 2, 350),
(2651, 351, 0, 0, 3, 2, 351),
(2652, 352, 0, 0, 3, 1, 352),
(2653, 353, 9, 0, 1, 2, 353),
(2654, 354, 0, 0, 6, 1, 354),
(2655, 355, 2, 0, 2, 2, 355),
(2656, 356, 5, 0, 1, 2, 356),
(2657, 357, 9, 0, 3, 2, 357),
(2658, 358, 3, 0, 2, 2, 358),
(2659, 359, 7, 0, 2, 1, 359),
(2660, 360, 8, 0, 5, 2, 360),
(2661, 361, 0, 0, 1, 1, 361),
(2662, 362, 0, 0, 6, 1, 362),
(2663, 363, 4, 0, 3, 1, 363),
(2664, 364, 9, 0, 7, 1, 364),
(2665, 365, 4, 0, 5, 1, 365),
(2666, 366, 5, 0, 1, 1, 366),
(2667, 367, 5, 0, 2, 1, 367),
(2668, 368, 5, 0, 7, 1, 368),
(2669, 369, 3, 0, 3, 2, 369),
(2670, 370, 8, 0, 2, 1, 370),
(2671, 371, 0, 0, 4, 2, 371),
(2672, 372, 1, 0, 6, 2, 372),
(2673, 373, 5, 0, 7, 1, 373),
(2674, 374, 6, 0, 1, 2, 374),
(2675, 375, 7, 0, 5, 2, 375),
(2676, 376, 1, 0, 3, 1, 376),
(2677, 377, 2, 0, 1, 1, 377),
(2678, 378, 9, 0, 4, 2, 378),
(2679, 379, 1, 0, 6, 2, 379),
(2680, 380, 8, 0, 5, 2, 380),
(2681, 381, 1, 0, 2, 2, 381),
(2682, 382, 1, 0, 5, 2, 382),
(2683, 383, 4, 0, 2, 1, 383),
(2684, 384, 2, 0, 4, 2, 384),
(2685, 385, 6, 0, 5, 2, 385),
(2686, 386, 4, 0, 5, 2, 386),
(2687, 387, 8, 0, 3, 2, 387),
(2688, 388, 6, 0, 1, 2, 388),
(2689, 389, 7, 0, 2, 1, 389),
(2690, 390, 0, 0, 4, 2, 390),
(2691, 391, 8, 0, 7, 2, 391),
(2692, 392, 4, 0, 3, 1, 392),
(2693, 393, 3, 0, 1, 1, 393),
(2694, 394, 7, 0, 2, 1, 394),
(2695, 395, 9, 0, 5, 2, 395),
(2696, 396, 7, 0, 2, 1, 396),
(2697, 397, 7, 0, 3, 1, 397),
(2698, 398, 2, 0, 6, 1, 398),
(2699, 399, 0, 0, 1, 1, 399),
(2700, 400, 9, 0, 6, 1, 400),
(2701, 401, 1, 0, 5, 1, 401),
(2702, 402, 7, 0, 3, 2, 402),
(2703, 403, 3, 0, 5, 2, 403),
(2704, 404, 6, 0, 5, 1, 404),
(2705, 405, 4, 0, 5, 2, 405),
(2706, 406, 3, 0, 7, 2, 406),
(2707, 407, 8, 0, 3, 1, 407),
(2708, 408, 9, 0, 5, 1, 408),
(2709, 409, 0, 0, 3, 1, 409),
(2710, 410, 8, 0, 6, 1, 410),
(2711, 411, 1, 0, 4, 2, 411),
(2712, 412, 0, 0, 5, 2, 412),
(2713, 413, 7, 0, 6, 2, 413),
(2714, 414, 4, 0, 4, 2, 414),
(2715, 415, 6, 0, 6, 1, 415),
(2716, 416, 8, 0, 3, 1, 416),
(2717, 417, 3, 0, 3, 1, 417),
(2718, 418, 2, 0, 6, 1, 418),
(2719, 419, 7, 0, 5, 1, 419),
(2720, 420, 2, 0, 3, 2, 420),
(2721, 421, 3, 0, 1, 2, 421),
(2722, 422, 7, 0, 5, 2, 422),
(2723, 423, 0, 0, 2, 1, 423),
(2724, 424, 3, 0, 3, 1, 424),
(2725, 425, 5, 0, 3, 2, 425),
(2726, 426, 9, 0, 4, 2, 426),
(2727, 427, 1, 0, 7, 1, 427),
(2728, 428, 0, 0, 1, 2, 428),
(2729, 429, 4, 0, 2, 1, 429),
(2730, 430, 6, 0, 3, 1, 430),
(2731, 431, 8, 0, 3, 2, 431),
(2732, 432, 4, 0, 2, 2, 432),
(2733, 433, 5, 0, 3, 1, 433),
(2734, 434, 9, 0, 7, 2, 434),
(2735, 435, 3, 0, 3, 2, 435),
(2736, 436, 9, 0, 4, 2, 436),
(2737, 437, 5, 0, 7, 1, 437),
(2738, 438, 6, 0, 2, 1, 438),
(2739, 439, 6, 0, 2, 2, 439),
(2740, 440, 2, 0, 7, 2, 440),
(2741, 441, 0, 0, 6, 2, 441),
(2742, 442, 4, 0, 3, 1, 442),
(2743, 443, 6, 0, 5, 1, 443),
(2744, 444, 5, 0, 6, 1, 444),
(2745, 445, 7, 0, 6, 1, 445),
(2746, 446, 1, 0, 1, 1, 446),
(2747, 447, 2, 0, 4, 1, 447),
(2748, 448, 6, 0, 4, 1, 448),
(2749, 449, 7, 0, 2, 1, 449),
(2750, 450, 4, 0, 2, 2, 450),
(2751, 451, 3, 0, 3, 2, 451),
(2752, 452, 9, 0, 7, 1, 452),
(2753, 453, 6, 0, 3, 2, 453),
(2754, 454, 6, 0, 2, 2, 454),
(2755, 455, 0, 0, 1, 2, 455),
(2756, 456, 5, 0, 7, 1, 456),
(2757, 457, 8, 0, 4, 1, 457),
(2758, 458, 8, 0, 7, 1, 458),
(2759, 459, 7, 0, 7, 2, 459),
(2760, 460, 5, 0, 4, 1, 460),
(2761, 1, 8, 0, 6, 1, 1),
(2762, 2, 8, 0, 2, 2, 2),
(2763, 3, 3, 0, 7, 1, 3),
(2764, 4, 4, 0, 5, 2, 4),
(2765, 5, 8, 0, 4, 2, 5),
(2766, 6, 5, 0, 4, 2, 6),
(2767, 7, 9, 0, 6, 2, 7),
(2768, 8, 0, 0, 1, 2, 8),
(2769, 9, 6, 0, 4, 2, 9),
(2770, 10, 3, 0, 6, 1, 10),
(2771, 11, 2, 0, 2, 2, 11),
(2772, 12, 8, 0, 1, 2, 12),
(2773, 13, 7, 0, 5, 1, 13),
(2774, 14, 4, 0, 6, 1, 14),
(2775, 15, 3, 0, 3, 2, 15),
(2776, 16, 8, 0, 6, 2, 16),
(2777, 17, 5, 0, 1, 2, 17),
(2778, 18, 6, 0, 5, 1, 18),
(2779, 19, 7, 0, 3, 1, 19),
(2780, 20, 9, 0, 7, 1, 20),
(2781, 21, 5, 0, 1, 2, 21),
(2782, 22, 9, 0, 7, 1, 22),
(2783, 23, 4, 0, 1, 1, 23),
(2784, 24, 5, 0, 5, 1, 24),
(2785, 25, 9, 0, 4, 1, 25),
(2786, 26, 9, 0, 4, 2, 26),
(2787, 27, 4, 0, 4, 1, 27),
(2788, 28, 5, 0, 1, 1, 28),
(2789, 29, 9, 0, 3, 1, 29),
(2790, 30, 7, 0, 1, 2, 30),
(2791, 31, 5, 0, 6, 2, 31),
(2792, 32, 1, 0, 2, 1, 32),
(2793, 33, 0, 0, 1, 1, 33),
(2794, 34, 3, 0, 7, 2, 34),
(2795, 35, 6, 0, 3, 2, 35),
(2796, 36, 7, 0, 4, 1, 36),
(2797, 37, 0, 0, 4, 1, 37),
(2798, 38, 8, 0, 4, 2, 38),
(2799, 39, 7, 0, 1, 2, 39),
(2800, 40, 4, 0, 1, 1, 40),
(2801, 41, 9, 0, 3, 1, 41),
(2802, 42, 9, 0, 3, 2, 42),
(2803, 43, 1, 0, 2, 1, 43),
(2804, 44, 4, 0, 4, 1, 44),
(2805, 45, 8, 0, 3, 1, 45),
(2806, 46, 9, 0, 4, 1, 46),
(2807, 47, 5, 0, 1, 2, 47),
(2808, 48, 4, 0, 1, 2, 48),
(2809, 49, 4, 0, 1, 1, 49),
(2810, 50, 9, 0, 1, 2, 50),
(2811, 51, 4, 0, 2, 2, 51),
(2812, 52, 9, 0, 2, 2, 52),
(2813, 53, 7, 0, 1, 1, 53),
(2814, 54, 0, 0, 1, 2, 54),
(2815, 55, 9, 0, 5, 1, 55),
(2816, 56, 7, 0, 2, 2, 56),
(2817, 57, 3, 0, 1, 1, 57),
(2818, 58, 3, 0, 2, 2, 58),
(2819, 59, 0, 0, 1, 1, 59),
(2820, 60, 9, 0, 1, 1, 60),
(2821, 61, 6, 0, 4, 1, 61),
(2822, 62, 5, 0, 6, 2, 62),
(2823, 63, 8, 0, 7, 1, 63),
(2824, 64, 8, 0, 7, 2, 64),
(2825, 65, 5, 0, 6, 2, 65),
(2826, 66, 6, 0, 4, 1, 66),
(2827, 67, 2, 0, 1, 2, 67),
(2828, 68, 4, 0, 6, 2, 68),
(2829, 69, 7, 0, 4, 1, 69),
(2830, 70, 4, 0, 5, 2, 70),
(2831, 71, 6, 0, 2, 1, 71),
(2832, 72, 5, 0, 5, 2, 72),
(2833, 73, 9, 0, 3, 1, 73),
(2834, 74, 8, 0, 2, 1, 74),
(2835, 75, 9, 0, 4, 1, 75),
(2836, 76, 1, 0, 1, 1, 76),
(2837, 77, 5, 0, 7, 1, 77),
(2838, 78, 6, 0, 3, 1, 78),
(2839, 79, 8, 0, 6, 2, 79),
(2840, 80, 7, 0, 2, 1, 80),
(2841, 81, 0, 0, 4, 2, 81),
(2842, 82, 8, 0, 7, 2, 82),
(2843, 83, 9, 0, 5, 1, 83),
(2844, 84, 9, 0, 5, 2, 84),
(2845, 85, 2, 0, 3, 2, 85),
(2846, 86, 9, 0, 2, 2, 86),
(2847, 87, 7, 0, 7, 2, 87),
(2848, 88, 3, 0, 6, 1, 88),
(2849, 89, 0, 0, 1, 1, 89),
(2850, 90, 6, 0, 3, 1, 90),
(2851, 91, 1, 0, 2, 1, 91),
(2852, 92, 7, 0, 1, 1, 92),
(2853, 93, 8, 0, 7, 2, 93),
(2854, 94, 7, 0, 5, 2, 94),
(2855, 95, 2, 0, 3, 1, 95),
(2856, 96, 1, 0, 2, 2, 96),
(2857, 97, 5, 0, 2, 2, 97),
(2858, 98, 1, 0, 2, 2, 98),
(2859, 99, 0, 0, 4, 2, 99),
(2860, 100, 2, 0, 3, 1, 100),
(2861, 101, 0, 0, 6, 2, 101),
(2862, 102, 2, 0, 4, 1, 102),
(2863, 103, 2, 0, 7, 1, 103),
(2864, 104, 0, 0, 4, 2, 104),
(2865, 105, 6, 0, 1, 1, 105),
(2866, 106, 8, 0, 5, 1, 106),
(2867, 107, 6, 0, 5, 1, 107),
(2868, 108, 9, 0, 4, 1, 108),
(2869, 109, 4, 0, 4, 2, 109),
(2870, 110, 9, 0, 6, 1, 110),
(2871, 111, 1, 0, 6, 2, 111),
(2872, 112, 5, 0, 3, 1, 112),
(2873, 113, 6, 0, 6, 2, 113),
(2874, 114, 4, 0, 3, 1, 114),
(2875, 115, 3, 0, 7, 2, 115),
(2876, 116, 2, 0, 6, 2, 116),
(2877, 117, 8, 0, 1, 1, 117),
(2878, 118, 2, 0, 6, 2, 118),
(2879, 119, 1, 0, 5, 1, 119),
(2880, 120, 1, 0, 6, 1, 120),
(2881, 121, 6, 0, 1, 1, 121),
(2882, 122, 8, 0, 3, 2, 122),
(2883, 123, 9, 0, 3, 2, 123),
(2884, 124, 8, 0, 5, 1, 124),
(2885, 125, 2, 0, 1, 2, 125),
(2886, 126, 6, 0, 1, 1, 126),
(2887, 127, 4, 0, 5, 2, 127),
(2888, 128, 6, 0, 5, 1, 128),
(2889, 129, 9, 0, 6, 2, 129),
(2890, 130, 7, 0, 5, 1, 130),
(2891, 131, 9, 0, 6, 2, 131),
(2892, 132, 7, 0, 1, 1, 132),
(2893, 133, 3, 0, 1, 2, 133),
(2894, 134, 1, 0, 6, 2, 134),
(2895, 135, 6, 0, 3, 1, 135),
(2896, 136, 3, 0, 1, 2, 136),
(2897, 137, 4, 0, 3, 2, 137),
(2898, 138, 6, 0, 2, 2, 138),
(2899, 139, 7, 0, 3, 2, 139),
(2900, 140, 2, 0, 3, 2, 140),
(2901, 141, 0, 0, 4, 1, 141),
(2902, 142, 1, 0, 3, 2, 142),
(2903, 143, 4, 0, 2, 2, 143),
(2904, 144, 5, 0, 6, 2, 144),
(2905, 145, 8, 0, 6, 1, 145),
(2906, 146, 9, 0, 2, 1, 146),
(2907, 147, 6, 0, 4, 1, 147),
(2908, 148, 7, 0, 2, 1, 148),
(2909, 149, 8, 0, 2, 2, 149),
(2910, 150, 4, 0, 3, 1, 150),
(2911, 151, 2, 0, 7, 2, 151),
(2912, 152, 9, 0, 2, 2, 152),
(2913, 153, 3, 0, 1, 2, 153),
(2914, 154, 1, 0, 5, 2, 154),
(2915, 155, 0, 0, 6, 1, 155),
(2916, 156, 9, 0, 5, 1, 156),
(2917, 157, 8, 0, 5, 2, 157),
(2918, 158, 7, 0, 6, 2, 158),
(2919, 159, 0, 0, 4, 1, 159),
(2920, 160, 1, 0, 4, 2, 160),
(2921, 161, 9, 0, 2, 1, 161),
(2922, 162, 2, 0, 7, 1, 162),
(2923, 163, 9, 0, 3, 1, 163),
(2924, 164, 4, 0, 2, 1, 164),
(2925, 165, 2, 0, 5, 2, 165),
(2926, 166, 2, 0, 7, 1, 166),
(2927, 167, 8, 0, 7, 1, 167),
(2928, 168, 6, 0, 5, 2, 168),
(2929, 169, 1, 0, 4, 2, 169),
(2930, 170, 5, 0, 6, 1, 170),
(2931, 171, 4, 0, 1, 2, 171),
(2932, 172, 8, 0, 4, 1, 172),
(2933, 173, 4, 0, 4, 1, 173),
(2934, 174, 7, 0, 5, 2, 174),
(2935, 175, 2, 0, 3, 1, 175),
(2936, 176, 3, 0, 7, 1, 176),
(2937, 177, 3, 0, 3, 1, 177),
(2938, 178, 8, 0, 7, 1, 178),
(2939, 179, 2, 0, 7, 2, 179),
(2940, 180, 3, 0, 2, 1, 180),
(2941, 181, 8, 0, 6, 1, 181),
(2942, 182, 3, 0, 6, 1, 182),
(2943, 183, 0, 0, 1, 2, 183),
(2944, 184, 1, 0, 3, 2, 184),
(2945, 185, 2, 0, 5, 2, 185),
(2946, 186, 5, 0, 5, 1, 186),
(2947, 187, 7, 0, 3, 2, 187),
(2948, 188, 7, 0, 2, 2, 188),
(2949, 189, 5, 0, 1, 2, 189),
(2950, 190, 5, 0, 5, 2, 190),
(2951, 191, 3, 0, 5, 2, 191),
(2952, 192, 8, 0, 1, 2, 192),
(2953, 193, 1, 0, 5, 1, 193),
(2954, 194, 4, 0, 2, 2, 194),
(2955, 195, 7, 0, 4, 2, 195),
(2956, 196, 1, 0, 6, 2, 196),
(2957, 197, 4, 0, 4, 2, 197),
(2958, 198, 7, 0, 5, 2, 198),
(2959, 199, 3, 0, 1, 2, 199),
(2960, 200, 0, 0, 3, 1, 200),
(2961, 201, 4, 0, 5, 1, 201),
(2962, 202, 5, 0, 3, 1, 202),
(2963, 203, 1, 0, 2, 2, 203),
(2964, 204, 1, 0, 4, 2, 204),
(2965, 205, 9, 0, 2, 2, 205),
(2966, 206, 0, 0, 4, 1, 206),
(2967, 207, 6, 0, 3, 1, 207),
(2968, 208, 7, 0, 3, 2, 208),
(2969, 209, 8, 0, 5, 2, 209),
(2970, 210, 1, 0, 1, 1, 210),
(2971, 211, 0, 0, 1, 1, 211),
(2972, 212, 6, 0, 2, 1, 212),
(2973, 213, 6, 0, 4, 1, 213),
(2974, 214, 3, 0, 1, 2, 214),
(2975, 215, 5, 0, 7, 2, 215),
(2976, 216, 8, 0, 5, 2, 216),
(2977, 217, 0, 0, 6, 2, 217),
(2978, 218, 1, 0, 6, 2, 218),
(2979, 219, 7, 0, 4, 2, 219),
(2980, 220, 1, 0, 1, 2, 220),
(2981, 221, 9, 0, 3, 2, 221),
(2982, 222, 1, 0, 7, 2, 222),
(2983, 223, 4, 0, 3, 2, 223),
(2984, 224, 1, 0, 7, 1, 224),
(2985, 225, 5, 0, 6, 1, 225),
(2986, 226, 9, 0, 3, 2, 226),
(2987, 227, 9, 0, 6, 1, 227),
(2988, 228, 2, 0, 2, 1, 228),
(2989, 229, 5, 0, 7, 1, 229),
(2990, 230, 8, 0, 1, 1, 230),
(2991, 231, 5, 0, 3, 1, 231),
(2992, 232, 8, 0, 2, 1, 232),
(2993, 233, 9, 0, 5, 1, 233),
(2994, 234, 7, 0, 3, 1, 234),
(2995, 235, 3, 0, 4, 2, 235),
(2996, 236, 9, 0, 5, 2, 236),
(2997, 237, 9, 0, 5, 1, 237),
(2998, 238, 0, 0, 3, 1, 238),
(2999, 239, 9, 0, 7, 1, 239),
(3000, 240, 8, 0, 3, 1, 240),
(3001, 241, 3, 0, 6, 1, 241),
(3002, 242, 5, 0, 2, 2, 242),
(3003, 243, 8, 0, 6, 2, 243),
(3004, 244, 7, 0, 7, 2, 244),
(3005, 245, 4, 0, 3, 2, 245),
(3006, 246, 0, 0, 4, 1, 246),
(3007, 247, 8, 0, 6, 1, 247),
(3008, 248, 4, 0, 3, 1, 248),
(3009, 249, 1, 0, 3, 2, 249),
(3010, 250, 8, 0, 7, 1, 250),
(3011, 251, 2, 0, 4, 2, 251),
(3012, 252, 3, 0, 1, 2, 252),
(3013, 253, 0, 0, 3, 2, 253),
(3014, 254, 6, 0, 2, 1, 254),
(3015, 255, 7, 0, 5, 1, 255),
(3016, 256, 0, 0, 2, 2, 256),
(3017, 257, 1, 0, 5, 2, 257),
(3018, 258, 6, 0, 3, 2, 258),
(3019, 259, 3, 0, 5, 2, 259),
(3020, 260, 8, 0, 7, 2, 260),
(3021, 261, 2, 0, 7, 2, 261),
(3022, 262, 1, 0, 5, 1, 262),
(3023, 263, 4, 0, 3, 2, 263),
(3024, 264, 7, 0, 4, 1, 264),
(3025, 265, 5, 0, 2, 2, 265),
(3026, 266, 2, 0, 4, 1, 266),
(3027, 267, 4, 0, 4, 1, 267),
(3028, 268, 8, 0, 5, 2, 268),
(3029, 269, 7, 0, 4, 1, 269),
(3030, 270, 2, 0, 1, 2, 270),
(3031, 271, 2, 0, 7, 1, 271),
(3032, 272, 9, 0, 5, 1, 272),
(3033, 273, 9, 0, 1, 2, 273),
(3034, 274, 4, 0, 3, 2, 274),
(3035, 275, 3, 0, 4, 2, 275),
(3036, 276, 8, 0, 2, 2, 276),
(3037, 277, 0, 0, 4, 1, 277),
(3038, 278, 2, 0, 6, 2, 278),
(3039, 279, 1, 0, 3, 2, 279),
(3040, 280, 3, 0, 5, 1, 280),
(3041, 281, 3, 0, 6, 2, 281),
(3042, 282, 3, 0, 7, 2, 282),
(3043, 283, 9, 0, 1, 1, 283),
(3044, 284, 1, 0, 6, 1, 284),
(3045, 285, 8, 0, 6, 2, 285),
(3046, 286, 6, 0, 2, 1, 286),
(3047, 287, 9, 0, 3, 1, 287),
(3048, 288, 6, 0, 3, 1, 288),
(3049, 289, 6, 0, 6, 1, 289),
(3050, 290, 5, 0, 3, 1, 290),
(3051, 291, 5, 0, 4, 1, 291),
(3052, 292, 0, 0, 7, 1, 292),
(3053, 293, 0, 0, 2, 1, 293),
(3054, 294, 0, 0, 5, 1, 294),
(3055, 295, 4, 0, 1, 2, 295),
(3056, 296, 5, 0, 5, 1, 296),
(3057, 297, 2, 0, 4, 2, 297),
(3058, 298, 8, 0, 2, 1, 298),
(3059, 299, 5, 0, 3, 1, 299),
(3060, 300, 5, 0, 2, 1, 300),
(3061, 301, 3, 0, 2, 1, 301),
(3062, 302, 8, 0, 1, 1, 302),
(3063, 303, 7, 0, 4, 1, 303),
(3064, 304, 1, 0, 5, 1, 304),
(3065, 305, 4, 0, 7, 2, 305),
(3066, 306, 8, 0, 1, 2, 306),
(3067, 307, 0, 0, 5, 1, 307),
(3068, 308, 9, 0, 5, 2, 308),
(3069, 309, 3, 0, 7, 1, 309),
(3070, 310, 9, 0, 4, 1, 310),
(3071, 311, 6, 0, 4, 2, 311),
(3072, 312, 9, 0, 3, 2, 312),
(3073, 313, 0, 0, 2, 1, 313),
(3074, 314, 1, 0, 7, 1, 314),
(3075, 315, 1, 0, 2, 1, 315),
(3076, 316, 5, 0, 4, 2, 316),
(3077, 317, 4, 0, 4, 1, 317),
(3078, 318, 6, 0, 7, 1, 318),
(3079, 319, 7, 0, 6, 2, 319),
(3080, 320, 0, 0, 7, 2, 320),
(3081, 321, 8, 0, 5, 2, 321),
(3082, 322, 4, 0, 1, 1, 322),
(3083, 323, 9, 0, 6, 1, 323),
(3084, 324, 2, 0, 2, 1, 324),
(3085, 325, 4, 0, 4, 2, 325),
(3086, 326, 5, 0, 7, 2, 326),
(3087, 327, 8, 0, 2, 2, 327),
(3088, 328, 0, 0, 5, 1, 328),
(3089, 329, 5, 0, 1, 2, 329),
(3090, 330, 5, 0, 1, 2, 330),
(3091, 331, 0, 0, 6, 2, 331),
(3092, 332, 4, 0, 2, 2, 332),
(3093, 333, 1, 0, 2, 1, 333),
(3094, 334, 5, 0, 7, 2, 334),
(3095, 335, 8, 0, 5, 1, 335),
(3096, 336, 9, 0, 2, 1, 336),
(3097, 337, 7, 0, 4, 1, 337),
(3098, 338, 7, 0, 5, 1, 338),
(3099, 339, 7, 0, 7, 2, 339),
(3100, 340, 3, 0, 6, 2, 340),
(3101, 341, 8, 0, 7, 1, 341),
(3102, 342, 2, 0, 2, 1, 342),
(3103, 343, 2, 0, 1, 1, 343),
(3104, 344, 9, 0, 4, 2, 344),
(3105, 345, 9, 0, 3, 2, 345),
(3106, 346, 7, 0, 6, 2, 346),
(3107, 347, 8, 0, 2, 1, 347),
(3108, 348, 5, 0, 6, 2, 348),
(3109, 349, 9, 0, 1, 2, 349),
(3110, 350, 5, 0, 5, 2, 350),
(3111, 351, 0, 0, 3, 2, 351),
(3112, 352, 0, 0, 3, 1, 352),
(3113, 353, 9, 0, 1, 2, 353),
(3114, 354, 0, 0, 6, 1, 354),
(3115, 355, 2, 0, 2, 2, 355),
(3116, 356, 5, 0, 1, 2, 356),
(3117, 357, 9, 0, 3, 2, 357),
(3118, 358, 3, 0, 2, 2, 358),
(3119, 359, 7, 0, 2, 1, 359),
(3120, 360, 8, 0, 5, 2, 360),
(3121, 361, 0, 0, 1, 1, 361),
(3122, 362, 0, 0, 6, 1, 362),
(3123, 363, 4, 0, 3, 1, 363),
(3124, 364, 9, 0, 7, 1, 364),
(3125, 365, 4, 0, 5, 1, 365),
(3126, 366, 5, 0, 1, 1, 366),
(3127, 367, 5, 0, 2, 1, 367),
(3128, 368, 5, 0, 7, 1, 368),
(3129, 369, 3, 0, 3, 2, 369),
(3130, 370, 8, 0, 2, 1, 370),
(3131, 371, 0, 0, 4, 2, 371),
(3132, 372, 1, 0, 6, 2, 372),
(3133, 373, 5, 0, 7, 1, 373),
(3134, 374, 6, 0, 1, 2, 374),
(3135, 375, 7, 0, 5, 2, 375),
(3136, 376, 1, 0, 3, 1, 376),
(3137, 377, 2, 0, 1, 1, 377),
(3138, 378, 9, 0, 4, 2, 378),
(3139, 379, 1, 0, 6, 2, 379),
(3140, 380, 8, 0, 5, 2, 380),
(3141, 381, 1, 0, 2, 2, 381),
(3142, 382, 1, 0, 5, 2, 382),
(3143, 383, 4, 0, 2, 1, 383),
(3144, 384, 2, 0, 4, 2, 384),
(3145, 385, 6, 0, 5, 2, 385),
(3146, 386, 4, 0, 5, 2, 386),
(3147, 387, 8, 0, 3, 2, 387),
(3148, 388, 6, 0, 1, 2, 388),
(3149, 389, 7, 0, 2, 1, 389),
(3150, 390, 0, 0, 4, 2, 390),
(3151, 391, 8, 0, 7, 2, 391),
(3152, 392, 4, 0, 3, 1, 392),
(3153, 393, 3, 0, 1, 1, 393),
(3154, 394, 7, 0, 2, 1, 394),
(3155, 395, 9, 0, 5, 2, 395),
(3156, 396, 7, 0, 2, 1, 396),
(3157, 397, 7, 0, 3, 1, 397),
(3158, 398, 2, 0, 6, 1, 398),
(3159, 399, 0, 0, 1, 1, 399),
(3160, 400, 9, 0, 6, 1, 400),
(3161, 401, 1, 0, 5, 1, 401),
(3162, 402, 7, 0, 3, 2, 402),
(3163, 403, 3, 0, 5, 2, 403),
(3164, 404, 6, 0, 5, 1, 404),
(3165, 405, 4, 0, 5, 2, 405),
(3166, 406, 3, 0, 7, 2, 406),
(3167, 407, 8, 0, 3, 1, 407),
(3168, 408, 9, 0, 5, 1, 408),
(3169, 409, 0, 0, 3, 1, 409),
(3170, 410, 8, 0, 6, 1, 410),
(3171, 411, 1, 0, 4, 2, 411),
(3172, 412, 0, 0, 5, 2, 412),
(3173, 413, 7, 0, 6, 2, 413),
(3174, 414, 4, 0, 4, 2, 414),
(3175, 415, 6, 0, 6, 1, 415),
(3176, 416, 8, 0, 3, 1, 416),
(3177, 417, 3, 0, 3, 1, 417),
(3178, 418, 2, 0, 6, 1, 418),
(3179, 419, 7, 0, 5, 1, 419),
(3180, 420, 2, 0, 3, 2, 420),
(3181, 421, 3, 0, 1, 2, 421),
(3182, 422, 7, 0, 5, 2, 422),
(3183, 423, 0, 0, 2, 1, 423),
(3184, 424, 3, 0, 3, 1, 424),
(3185, 425, 5, 0, 3, 2, 425),
(3186, 426, 9, 0, 4, 2, 426),
(3187, 427, 1, 0, 7, 1, 427),
(3188, 428, 0, 0, 1, 2, 428),
(3189, 429, 4, 0, 2, 1, 429),
(3190, 430, 6, 0, 3, 1, 430),
(3191, 431, 8, 0, 3, 2, 431),
(3192, 432, 4, 0, 2, 2, 432),
(3193, 433, 5, 0, 3, 1, 433),
(3194, 434, 9, 0, 7, 2, 434),
(3195, 435, 3, 0, 3, 2, 435),
(3196, 436, 9, 0, 4, 2, 436),
(3197, 437, 5, 0, 7, 1, 437),
(3198, 438, 6, 0, 2, 1, 438),
(3199, 439, 6, 0, 2, 2, 439),
(3200, 440, 2, 0, 7, 2, 440),
(3201, 441, 0, 0, 6, 2, 441),
(3202, 442, 4, 0, 3, 1, 442),
(3203, 443, 6, 0, 5, 1, 443),
(3204, 444, 5, 0, 6, 1, 444),
(3205, 445, 7, 0, 6, 1, 445),
(3206, 446, 1, 0, 1, 1, 446),
(3207, 447, 2, 0, 4, 1, 447),
(3208, 448, 6, 0, 4, 1, 448),
(3209, 449, 7, 0, 2, 1, 449),
(3210, 450, 4, 0, 2, 2, 450),
(3211, 451, 3, 0, 3, 2, 451),
(3212, 452, 9, 0, 7, 1, 452),
(3213, 453, 6, 0, 3, 2, 453),
(3214, 454, 6, 0, 2, 2, 454),
(3215, 455, 0, 0, 1, 2, 455),
(3216, 456, 5, 0, 7, 1, 456),
(3217, 457, 8, 0, 4, 1, 457),
(3218, 458, 8, 0, 7, 1, 458),
(3219, 459, 7, 0, 7, 2, 459),
(3220, 460, 5, 0, 4, 1, 460),
(3221, 461, 9, 0, 3, 1, 1),
(3222, 462, 9, 0, 1, 1, 2),
(3223, 463, 4, 0, 5, 1, 3),
(3224, 464, 5, 0, 5, 1, 4),
(3225, 465, 0, 0, 1, 2, 5),
(3226, 466, 8, 0, 3, 1, 6),
(3227, 467, 2, 0, 3, 2, 7),
(3228, 468, 5, 0, 2, 2, 8),
(3229, 469, 3, 0, 7, 2, 9),
(3230, 470, 2, 0, 2, 1, 10),
(3231, 471, 7, 0, 4, 1, 11),
(3232, 472, 9, 0, 5, 2, 12),
(3233, 473, 3, 0, 6, 2, 13),
(3234, 474, 3, 0, 1, 2, 14),
(3235, 475, 7, 0, 7, 1, 15),
(3236, 476, 1, 0, 1, 1, 16),
(3237, 477, 6, 0, 4, 2, 17),
(3238, 478, 1, 0, 1, 2, 18),
(3239, 479, 8, 0, 2, 1, 19),
(3240, 480, 4, 0, 2, 1, 20),
(3241, 481, 4, 0, 6, 1, 21),
(3242, 482, 4, 0, 7, 1, 22),
(3243, 483, 9, 0, 7, 1, 23),
(3244, 484, 0, 0, 7, 2, 24),
(3245, 485, 5, 0, 1, 1, 25),
(3246, 486, 2, 0, 7, 1, 26),
(3247, 487, 9, 0, 1, 1, 27),
(3248, 488, 1, 0, 3, 2, 28),
(3249, 489, 0, 0, 6, 1, 29),
(3250, 490, 9, 0, 2, 1, 30),
(3251, 491, 2, 0, 3, 2, 31),
(3252, 492, 2, 0, 2, 1, 32),
(3253, 493, 7, 0, 7, 1, 33),
(3254, 494, 3, 0, 3, 2, 34),
(3255, 495, 8, 0, 7, 2, 35),
(3256, 496, 8, 0, 6, 1, 36),
(3257, 497, 8, 0, 3, 2, 37),
(3258, 498, 8, 0, 1, 1, 38),
(3259, 499, 8, 0, 7, 1, 39),
(3260, 500, 7, 0, 4, 2, 40),
(3261, 501, 9, 0, 4, 2, 41),
(3262, 502, 2, 0, 7, 1, 42),
(3263, 503, 2, 0, 5, 1, 43),
(3264, 504, 3, 0, 5, 2, 44),
(3265, 505, 7, 0, 7, 1, 45),
(3266, 506, 7, 0, 2, 1, 46),
(3267, 507, 4, 0, 7, 1, 47),
(3268, 508, 4, 0, 7, 2, 48),
(3269, 509, 5, 0, 6, 1, 49),
(3270, 510, 9, 0, 1, 1, 50),
(3271, 511, 9, 0, 4, 1, 51),
(3272, 512, 5, 0, 6, 2, 52),
(3273, 513, 9, 0, 2, 1, 53),
(3274, 514, 9, 0, 6, 1, 54),
(3275, 515, 7, 0, 2, 1, 55),
(3276, 516, 2, 0, 6, 1, 56),
(3277, 517, 1, 0, 3, 1, 57),
(3278, 518, 0, 0, 3, 1, 58),
(3279, 519, 1, 0, 4, 2, 59),
(3280, 520, 6, 0, 3, 2, 60),
(3281, 521, 2, 0, 4, 2, 61),
(3282, 522, 0, 0, 7, 2, 62),
(3283, 523, 1, 0, 7, 2, 63),
(3284, 524, 6, 0, 1, 2, 64),
(3285, 525, 6, 0, 6, 2, 65),
(3286, 526, 9, 0, 7, 1, 66),
(3287, 527, 8, 0, 1, 2, 67),
(3288, 528, 9, 0, 7, 2, 68),
(3289, 529, 8, 0, 6, 1, 69),
(3290, 530, 5, 0, 2, 2, 70),
(3291, 531, 5, 0, 2, 1, 71),
(3292, 532, 7, 0, 6, 1, 72),
(3293, 533, 3, 0, 6, 1, 73),
(3294, 534, 0, 0, 7, 2, 74),
(3295, 535, 4, 0, 5, 2, 75),
(3296, 536, 7, 0, 5, 1, 76),
(3297, 537, 2, 0, 1, 2, 77),
(3298, 538, 0, 0, 3, 1, 78),
(3299, 539, 5, 0, 4, 2, 79),
(3300, 540, 5, 0, 2, 1, 80),
(3301, 541, 6, 0, 3, 1, 81),
(3302, 542, 7, 0, 7, 2, 82),
(3303, 543, 6, 0, 1, 1, 83),
(3304, 544, 5, 0, 3, 1, 84),
(3305, 545, 4, 0, 1, 1, 85),
(3306, 546, 5, 0, 7, 1, 86),
(3307, 547, 7, 0, 6, 2, 87),
(3308, 548, 2, 0, 7, 1, 88),
(3309, 549, 9, 0, 3, 1, 89),
(3310, 550, 5, 0, 5, 1, 90),
(3311, 551, 6, 0, 7, 1, 91),
(3312, 552, 2, 0, 2, 2, 92),
(3313, 553, 9, 0, 1, 2, 93),
(3314, 554, 2, 0, 2, 2, 94),
(3315, 555, 9, 0, 7, 2, 95),
(3316, 556, 1, 0, 7, 2, 96),
(3317, 557, 6, 0, 6, 2, 97),
(3318, 558, 2, 0, 3, 1, 98),
(3319, 559, 2, 0, 7, 1, 99),
(3320, 560, 7, 0, 6, 2, 100),
(3321, 561, 8, 0, 6, 2, 101),
(3322, 562, 4, 0, 5, 2, 102),
(3323, 563, 6, 0, 7, 1, 103),
(3324, 564, 6, 0, 2, 2, 104),
(3325, 565, 0, 0, 6, 2, 105),
(3326, 566, 9, 0, 6, 2, 106),
(3327, 567, 9, 0, 1, 1, 107),
(3328, 568, 3, 0, 5, 2, 108),
(3329, 569, 0, 0, 3, 1, 109),
(3330, 570, 2, 0, 6, 1, 110),
(3331, 571, 1, 0, 7, 1, 111),
(3332, 572, 8, 0, 2, 1, 112),
(3333, 573, 3, 0, 2, 1, 113),
(3334, 574, 4, 0, 2, 2, 114),
(3335, 575, 5, 0, 2, 2, 115),
(3336, 576, 2, 0, 5, 2, 116),
(3337, 577, 6, 0, 1, 2, 117),
(3338, 578, 6, 0, 3, 2, 118),
(3339, 579, 3, 0, 4, 1, 119),
(3340, 580, 8, 0, 7, 1, 120),
(3341, 581, 2, 0, 4, 2, 121),
(3342, 582, 2, 0, 5, 2, 122),
(3343, 583, 4, 0, 2, 1, 123),
(3344, 584, 0, 0, 5, 2, 124),
(3345, 585, 3, 0, 1, 1, 125),
(3346, 586, 0, 0, 5, 2, 126),
(3347, 587, 3, 0, 3, 1, 127),
(3348, 588, 4, 0, 4, 1, 128),
(3349, 589, 1, 0, 6, 1, 129),
(3350, 590, 3, 0, 5, 2, 130),
(3351, 591, 8, 0, 3, 2, 131),
(3352, 592, 4, 0, 2, 1, 132),
(3353, 593, 7, 0, 4, 1, 133),
(3354, 594, 2, 0, 1, 1, 134),
(3355, 595, 3, 0, 3, 2, 135),
(3356, 596, 5, 0, 1, 2, 136),
(3357, 597, 8, 0, 6, 2, 137),
(3358, 598, 9, 0, 2, 1, 138),
(3359, 599, 8, 0, 2, 2, 139),
(3360, 600, 4, 0, 5, 1, 140),
(3361, 601, 5, 0, 7, 1, 141),
(3362, 602, 6, 0, 6, 2, 142),
(3363, 603, 7, 0, 2, 2, 143),
(3364, 604, 0, 0, 6, 1, 144),
(3365, 605, 8, 0, 7, 2, 145),
(3366, 606, 1, 0, 5, 2, 146),
(3367, 607, 3, 0, 1, 2, 147),
(3368, 608, 6, 0, 1, 1, 148),
(3369, 609, 5, 0, 2, 2, 149),
(3370, 610, 3, 0, 7, 2, 150),
(3371, 611, 7, 0, 7, 1, 151),
(3372, 612, 1, 0, 2, 1, 152),
(3373, 613, 4, 0, 6, 1, 153),
(3374, 614, 1, 0, 7, 1, 154),
(3375, 615, 8, 0, 6, 2, 155),
(3376, 616, 1, 0, 3, 1, 156),
(3377, 617, 0, 0, 1, 1, 157),
(3378, 618, 2, 0, 4, 1, 158),
(3379, 619, 9, 0, 3, 2, 159),
(3380, 620, 1, 0, 5, 1, 160),
(3381, 621, 6, 0, 3, 2, 161),
(3382, 622, 8, 0, 6, 1, 162),
(3383, 623, 5, 0, 7, 1, 163),
(3384, 624, 6, 0, 4, 1, 164),
(3385, 625, 4, 0, 1, 1, 165),
(3386, 626, 0, 0, 1, 2, 166),
(3387, 627, 7, 0, 1, 1, 167),
(3388, 628, 7, 0, 3, 1, 168),
(3389, 629, 9, 0, 7, 2, 169),
(3390, 630, 3, 0, 5, 1, 170),
(3391, 631, 3, 0, 2, 1, 171),
(3392, 632, 5, 0, 1, 2, 172),
(3393, 633, 8, 0, 6, 2, 173),
(3394, 634, 7, 0, 6, 2, 174),
(3395, 635, 6, 0, 1, 2, 175),
(3396, 636, 3, 0, 2, 1, 176),
(3397, 637, 1, 0, 7, 1, 177),
(3398, 638, 8, 0, 5, 1, 178),
(3399, 639, 3, 0, 5, 2, 179),
(3400, 640, 0, 0, 2, 2, 180),
(3401, 641, 8, 0, 2, 1, 181),
(3402, 642, 7, 0, 4, 1, 182),
(3403, 643, 7, 0, 7, 1, 183),
(3404, 644, 0, 0, 2, 1, 184),
(3405, 645, 4, 0, 4, 1, 185),
(3406, 646, 1, 0, 1, 1, 186),
(3407, 647, 4, 0, 5, 1, 187),
(3408, 648, 6, 0, 6, 2, 188),
(3409, 649, 5, 0, 4, 2, 189),
(3410, 650, 3, 0, 7, 1, 190),
(3411, 651, 3, 0, 3, 1, 191),
(3412, 652, 0, 0, 4, 1, 192),
(3413, 653, 3, 0, 5, 2, 193),
(3414, 654, 0, 0, 2, 1, 194),
(3415, 655, 9, 0, 2, 2, 195),
(3416, 656, 6, 0, 5, 2, 196),
(3417, 657, 9, 0, 5, 2, 197),
(3418, 658, 1, 0, 4, 2, 198),
(3419, 659, 0, 0, 2, 1, 199),
(3420, 660, 4, 0, 2, 2, 200),
(3421, 661, 3, 0, 2, 1, 201),
(3422, 662, 3, 0, 2, 2, 202),
(3423, 663, 6, 0, 3, 2, 203),
(3424, 664, 3, 0, 2, 2, 204),
(3425, 665, 8, 0, 1, 1, 205),
(3426, 666, 0, 0, 4, 1, 206),
(3427, 667, 0, 0, 3, 2, 207),
(3428, 668, 7, 0, 7, 2, 208),
(3429, 669, 1, 0, 6, 2, 209),
(3430, 670, 0, 0, 1, 2, 210),
(3431, 671, 9, 0, 2, 2, 211),
(3432, 672, 2, 0, 1, 2, 212),
(3433, 673, 9, 0, 2, 1, 213),
(3434, 674, 3, 0, 5, 1, 214),
(3435, 675, 4, 0, 4, 1, 215),
(3436, 676, 3, 0, 7, 2, 216),
(3437, 677, 7, 0, 3, 1, 217),
(3438, 678, 9, 0, 7, 2, 218),
(3439, 679, 3, 0, 5, 2, 219),
(3440, 680, 5, 0, 3, 1, 220),
(3441, 681, 7, 0, 5, 2, 221),
(3442, 682, 5, 0, 6, 1, 222),
(3443, 683, 8, 0, 4, 2, 223),
(3444, 684, 9, 0, 1, 2, 224),
(3445, 685, 0, 0, 1, 1, 225),
(3446, 686, 9, 0, 6, 1, 226),
(3447, 687, 5, 0, 7, 1, 227),
(3448, 688, 8, 0, 4, 2, 228),
(3449, 689, 6, 0, 1, 1, 229),
(3450, 690, 8, 0, 7, 2, 230),
(3451, 691, 2, 0, 7, 2, 231),
(3452, 692, 1, 0, 2, 2, 232),
(3453, 693, 4, 0, 3, 2, 233),
(3454, 694, 0, 0, 2, 1, 234),
(3455, 695, 1, 0, 4, 2, 235),
(3456, 696, 5, 0, 4, 2, 236),
(3457, 697, 6, 0, 2, 1, 237),
(3458, 698, 8, 0, 2, 2, 238),
(3459, 699, 6, 0, 5, 2, 239),
(3460, 700, 9, 0, 6, 1, 240),
(3461, 701, 3, 0, 5, 2, 241),
(3462, 702, 5, 0, 4, 1, 242),
(3463, 703, 4, 0, 2, 1, 243),
(3464, 704, 0, 0, 5, 1, 244),
(3465, 705, 3, 0, 7, 2, 245),
(3466, 706, 5, 0, 4, 1, 246),
(3467, 707, 5, 0, 7, 1, 247),
(3468, 708, 2, 0, 2, 1, 248),
(3469, 709, 4, 0, 3, 1, 249),
(3470, 710, 6, 0, 3, 1, 250),
(3471, 711, 2, 0, 6, 1, 251),
(3472, 712, 4, 0, 2, 1, 252),
(3473, 713, 7, 0, 4, 1, 253),
(3474, 714, 4, 0, 3, 2, 254),
(3475, 715, 0, 0, 1, 2, 255),
(3476, 716, 8, 0, 2, 1, 256),
(3477, 717, 3, 0, 1, 2, 257),
(3478, 718, 2, 0, 5, 1, 258),
(3479, 719, 0, 0, 5, 2, 259),
(3480, 720, 6, 0, 2, 2, 260),
(3481, 721, 2, 0, 2, 1, 261),
(3482, 722, 7, 0, 5, 1, 262),
(3483, 723, 1, 0, 1, 2, 263),
(3484, 724, 5, 0, 4, 2, 264),
(3485, 725, 9, 0, 2, 2, 265),
(3486, 726, 6, 0, 1, 1, 266),
(3487, 727, 8, 0, 3, 2, 267),
(3488, 728, 9, 0, 2, 2, 268),
(3489, 729, 1, 0, 6, 1, 269),
(3490, 730, 0, 0, 4, 1, 270),
(3491, 731, 5, 0, 6, 2, 271),
(3492, 732, 0, 0, 1, 1, 272),
(3493, 733, 8, 0, 4, 1, 273),
(3494, 734, 0, 0, 6, 1, 274),
(3495, 735, 6, 0, 1, 1, 275),
(3496, 736, 1, 0, 5, 2, 276),
(3497, 737, 1, 0, 4, 2, 277),
(3498, 738, 5, 0, 6, 2, 278),
(3499, 739, 0, 0, 2, 2, 279),
(3500, 740, 9, 0, 1, 1, 280),
(3501, 741, 9, 0, 4, 1, 281),
(3502, 742, 1, 0, 3, 1, 282),
(3503, 743, 2, 0, 6, 2, 283),
(3504, 744, 5, 0, 7, 1, 284),
(3505, 745, 7, 0, 4, 1, 285),
(3506, 746, 8, 0, 7, 1, 286),
(3507, 747, 3, 0, 2, 2, 287),
(3508, 748, 8, 0, 7, 2, 288),
(3509, 749, 3, 0, 1, 2, 289),
(3510, 750, 0, 0, 7, 2, 290),
(3511, 751, 2, 0, 4, 2, 291),
(3512, 752, 8, 0, 4, 1, 292),
(3513, 753, 1, 0, 5, 1, 293),
(3514, 754, 3, 0, 5, 1, 294),
(3515, 755, 2, 0, 7, 1, 295),
(3516, 756, 4, 0, 3, 2, 296),
(3517, 757, 5, 0, 5, 2, 297),
(3518, 758, 3, 0, 6, 1, 298),
(3519, 759, 8, 0, 2, 1, 299),
(3520, 760, 7, 0, 7, 2, 300),
(3521, 761, 0, 0, 1, 2, 301),
(3522, 762, 8, 0, 4, 2, 302),
(3523, 763, 1, 0, 7, 2, 303),
(3524, 764, 0, 0, 2, 2, 304),
(3525, 765, 5, 0, 4, 2, 305),
(3526, 766, 8, 0, 3, 1, 306),
(3527, 767, 9, 0, 7, 2, 307),
(3528, 768, 6, 0, 2, 1, 308),
(3529, 769, 8, 0, 2, 2, 309),
(3530, 770, 3, 0, 4, 1, 310),
(3531, 771, 8, 0, 4, 2, 311),
(3532, 772, 3, 0, 4, 2, 312),
(3533, 773, 7, 0, 3, 2, 313),
(3534, 774, 0, 0, 7, 2, 314),
(3535, 775, 5, 0, 7, 2, 315),
(3536, 776, 0, 0, 4, 2, 316),
(3537, 777, 2, 0, 2, 1, 317),
(3538, 778, 0, 0, 6, 1, 318),
(3539, 779, 6, 0, 3, 2, 319),
(3540, 780, 3, 0, 6, 2, 320),
(3541, 781, 6, 0, 5, 2, 321),
(3542, 782, 7, 0, 6, 2, 322),
(3543, 783, 5, 0, 1, 2, 323),
(3544, 784, 3, 0, 2, 1, 324),
(3545, 785, 2, 0, 1, 1, 325),
(3546, 786, 3, 0, 6, 1, 326),
(3547, 787, 1, 0, 1, 2, 327),
(3548, 788, 2, 0, 2, 2, 328),
(3549, 789, 7, 0, 1, 2, 329),
(3550, 790, 8, 0, 5, 2, 330),
(3551, 791, 1, 0, 5, 2, 331),
(3552, 792, 6, 0, 4, 2, 332),
(3553, 793, 3, 0, 7, 2, 333),
(3554, 794, 7, 0, 6, 2, 334),
(3555, 795, 0, 0, 5, 2, 335),
(3556, 796, 5, 0, 7, 2, 336),
(3557, 797, 5, 0, 5, 1, 337),
(3558, 798, 3, 0, 2, 1, 338),
(3559, 799, 9, 0, 3, 2, 339),
(3560, 800, 3, 0, 7, 1, 340),
(3561, 801, 8, 0, 7, 2, 341),
(3562, 802, 3, 0, 6, 2, 342),
(3563, 803, 1, 0, 5, 1, 343),
(3564, 804, 4, 0, 4, 2, 344),
(3565, 805, 2, 0, 5, 1, 345),
(3566, 806, 7, 0, 2, 2, 346),
(3567, 807, 8, 0, 7, 2, 347),
(3568, 808, 5, 0, 7, 1, 348),
(3569, 809, 4, 0, 6, 2, 349),
(3570, 810, 7, 0, 6, 1, 350),
(3571, 811, 2, 0, 6, 2, 351),
(3572, 812, 7, 0, 2, 1, 352),
(3573, 813, 3, 0, 1, 2, 353),
(3574, 814, 1, 0, 4, 1, 354),
(3575, 815, 3, 0, 5, 1, 355),
(3576, 816, 8, 0, 4, 2, 356),
(3577, 817, 3, 0, 5, 1, 357),
(3578, 818, 8, 0, 6, 2, 358),
(3579, 819, 9, 0, 7, 1, 359),
(3580, 820, 7, 0, 7, 1, 360),
(3581, 821, 4, 0, 2, 2, 361),
(3582, 822, 5, 0, 2, 2, 362),
(3583, 823, 1, 0, 2, 1, 363),
(3584, 824, 0, 0, 3, 1, 364),
(3585, 825, 1, 0, 5, 1, 365),
(3586, 826, 2, 0, 1, 1, 366),
(3587, 827, 5, 0, 1, 2, 367),
(3588, 828, 3, 0, 2, 1, 368),
(3589, 829, 2, 0, 1, 1, 369),
(3590, 830, 9, 0, 5, 1, 370),
(3591, 831, 7, 0, 1, 2, 371),
(3592, 832, 3, 0, 7, 2, 372),
(3593, 833, 7, 0, 5, 2, 373),
(3594, 834, 7, 0, 1, 2, 374),
(3595, 835, 3, 0, 7, 2, 375),
(3596, 836, 5, 0, 1, 2, 376),
(3597, 837, 2, 0, 7, 1, 377),
(3598, 838, 7, 0, 1, 2, 378),
(3599, 839, 4, 0, 2, 2, 379),
(3600, 840, 7, 0, 7, 2, 380),
(3601, 841, 8, 0, 3, 1, 381),
(3602, 842, 6, 0, 7, 2, 382),
(3603, 843, 6, 0, 1, 2, 383),
(3604, 844, 2, 0, 5, 1, 384),
(3605, 845, 8, 0, 1, 2, 385),
(3606, 846, 3, 0, 6, 1, 386),
(3607, 847, 9, 0, 1, 2, 387),
(3608, 848, 2, 0, 1, 2, 388),
(3609, 849, 4, 0, 4, 1, 389),
(3610, 850, 3, 0, 3, 2, 390),
(3611, 851, 5, 0, 3, 1, 391),
(3612, 852, 2, 0, 6, 2, 392),
(3613, 853, 7, 0, 6, 2, 393),
(3614, 854, 2, 0, 7, 1, 394),
(3615, 855, 4, 0, 7, 2, 395),
(3616, 856, 1, 0, 3, 1, 396),
(3617, 857, 6, 0, 4, 1, 397),
(3618, 858, 4, 0, 4, 2, 398),
(3619, 859, 3, 0, 3, 2, 399),
(3620, 860, 1, 0, 7, 2, 400),
(3621, 861, 6, 0, 5, 1, 401),
(3622, 862, 3, 0, 2, 1, 402),
(3623, 863, 6, 0, 3, 2, 403),
(3624, 864, 1, 0, 2, 2, 404),
(3625, 865, 3, 0, 5, 2, 405),
(3626, 866, 9, 0, 5, 2, 406),
(3627, 867, 5, 0, 3, 1, 407),
(3628, 868, 7, 0, 7, 2, 408),
(3629, 869, 9, 0, 7, 1, 409),
(3630, 870, 6, 0, 1, 1, 410),
(3631, 871, 8, 0, 4, 2, 411),
(3632, 872, 0, 0, 1, 2, 412),
(3633, 873, 5, 0, 2, 2, 413),
(3634, 874, 3, 0, 3, 2, 414),
(3635, 875, 3, 0, 5, 2, 415),
(3636, 876, 2, 0, 5, 2, 416),
(3637, 877, 8, 0, 1, 1, 417),
(3638, 878, 6, 0, 4, 1, 418),
(3639, 879, 0, 0, 3, 2, 419),
(3640, 880, 0, 0, 4, 2, 420),
(3641, 881, 9, 0, 5, 1, 421),
(3642, 882, 1, 0, 7, 2, 422),
(3643, 883, 3, 0, 6, 2, 423),
(3644, 884, 8, 0, 1, 2, 424),
(3645, 885, 5, 0, 5, 2, 425),
(3646, 886, 6, 0, 5, 1, 426),
(3647, 887, 2, 0, 3, 2, 427),
(3648, 888, 7, 0, 2, 1, 428),
(3649, 889, 5, 0, 6, 1, 429),
(3650, 890, 5, 0, 3, 1, 430),
(3651, 891, 3, 0, 5, 2, 431),
(3652, 892, 3, 0, 1, 2, 432),
(3653, 893, 0, 0, 6, 1, 433),
(3654, 894, 7, 0, 3, 2, 434),
(3655, 895, 0, 0, 2, 1, 435),
(3656, 896, 4, 0, 5, 1, 436);
INSERT INTO `end` (`arrowNo`, `endNo`, `pointsNo`, `center`, `distanceID`, `targetFaceID`, `rangeNo`) VALUES
(3657, 897, 8, 0, 7, 1, 437),
(3658, 898, 0, 0, 6, 2, 438),
(3659, 899, 7, 0, 5, 1, 439),
(3660, 900, 9, 0, 4, 1, 440),
(3661, 901, 0, 0, 6, 2, 441),
(3662, 902, 4, 0, 2, 2, 442),
(3663, 903, 5, 0, 6, 1, 443),
(3664, 904, 5, 0, 2, 1, 444),
(3665, 905, 0, 0, 6, 1, 445),
(3666, 906, 0, 0, 7, 1, 446),
(3667, 907, 4, 0, 2, 1, 447),
(3668, 908, 0, 0, 7, 2, 448),
(3669, 909, 8, 0, 1, 2, 449),
(3670, 910, 0, 0, 2, 2, 450),
(3671, 911, 4, 0, 3, 2, 451),
(3672, 912, 6, 0, 5, 1, 452),
(3673, 913, 4, 0, 6, 2, 453),
(3674, 914, 9, 0, 2, 1, 454),
(3675, 915, 1, 0, 2, 2, 455),
(3676, 916, 2, 0, 3, 2, 456),
(3677, 917, 5, 0, 5, 1, 457),
(3678, 918, 4, 0, 4, 1, 458),
(3679, 919, 4, 0, 6, 1, 459),
(3680, 920, 0, 0, 3, 1, 460),
(3681, 461, 9, 0, 3, 1, 1),
(3682, 462, 9, 0, 1, 1, 2),
(3683, 463, 4, 0, 5, 1, 3),
(3684, 464, 5, 0, 5, 1, 4),
(3685, 465, 0, 0, 1, 2, 5),
(3686, 466, 8, 0, 3, 1, 6),
(3687, 467, 2, 0, 3, 2, 7),
(3688, 468, 5, 0, 2, 2, 8),
(3689, 469, 3, 0, 7, 2, 9),
(3690, 470, 2, 0, 2, 1, 10),
(3691, 471, 7, 0, 4, 1, 11),
(3692, 472, 9, 0, 5, 2, 12),
(3693, 473, 3, 0, 6, 2, 13),
(3694, 474, 3, 0, 1, 2, 14),
(3695, 475, 7, 0, 7, 1, 15),
(3696, 476, 1, 0, 1, 1, 16),
(3697, 477, 6, 0, 4, 2, 17),
(3698, 478, 1, 0, 1, 2, 18),
(3699, 479, 8, 0, 2, 1, 19),
(3700, 480, 4, 0, 2, 1, 20),
(3701, 481, 4, 0, 6, 1, 21),
(3702, 482, 4, 0, 7, 1, 22),
(3703, 483, 9, 0, 7, 1, 23),
(3704, 484, 0, 0, 7, 2, 24),
(3705, 485, 5, 0, 1, 1, 25),
(3706, 486, 2, 0, 7, 1, 26),
(3707, 487, 9, 0, 1, 1, 27),
(3708, 488, 1, 0, 3, 2, 28),
(3709, 489, 0, 0, 6, 1, 29),
(3710, 490, 9, 0, 2, 1, 30),
(3711, 491, 2, 0, 3, 2, 31),
(3712, 492, 2, 0, 2, 1, 32),
(3713, 493, 7, 0, 7, 1, 33),
(3714, 494, 3, 0, 3, 2, 34),
(3715, 495, 8, 0, 7, 2, 35),
(3716, 496, 8, 0, 6, 1, 36),
(3717, 497, 8, 0, 3, 2, 37),
(3718, 498, 8, 0, 1, 1, 38),
(3719, 499, 8, 0, 7, 1, 39),
(3720, 500, 7, 0, 4, 2, 40),
(3721, 501, 9, 0, 4, 2, 41),
(3722, 502, 2, 0, 7, 1, 42),
(3723, 503, 2, 0, 5, 1, 43),
(3724, 504, 3, 0, 5, 2, 44),
(3725, 505, 7, 0, 7, 1, 45),
(3726, 506, 7, 0, 2, 1, 46),
(3727, 507, 4, 0, 7, 1, 47),
(3728, 508, 4, 0, 7, 2, 48),
(3729, 509, 5, 0, 6, 1, 49),
(3730, 510, 9, 0, 1, 1, 50),
(3731, 511, 9, 0, 4, 1, 51),
(3732, 512, 5, 0, 6, 2, 52),
(3733, 513, 9, 0, 2, 1, 53),
(3734, 514, 9, 0, 6, 1, 54),
(3735, 515, 7, 0, 2, 1, 55),
(3736, 516, 2, 0, 6, 1, 56),
(3737, 517, 1, 0, 3, 1, 57),
(3738, 518, 0, 0, 3, 1, 58),
(3739, 519, 1, 0, 4, 2, 59),
(3740, 520, 6, 0, 3, 2, 60),
(3741, 521, 2, 0, 4, 2, 61),
(3742, 522, 0, 0, 7, 2, 62),
(3743, 523, 1, 0, 7, 2, 63),
(3744, 524, 6, 0, 1, 2, 64),
(3745, 525, 6, 0, 6, 2, 65),
(3746, 526, 9, 0, 7, 1, 66),
(3747, 527, 8, 0, 1, 2, 67),
(3748, 528, 9, 0, 7, 2, 68),
(3749, 529, 8, 0, 6, 1, 69),
(3750, 530, 5, 0, 2, 2, 70),
(3751, 531, 5, 0, 2, 1, 71),
(3752, 532, 7, 0, 6, 1, 72),
(3753, 533, 3, 0, 6, 1, 73),
(3754, 534, 0, 0, 7, 2, 74),
(3755, 535, 4, 0, 5, 2, 75),
(3756, 536, 7, 0, 5, 1, 76),
(3757, 537, 2, 0, 1, 2, 77),
(3758, 538, 0, 0, 3, 1, 78),
(3759, 539, 5, 0, 4, 2, 79),
(3760, 540, 5, 0, 2, 1, 80),
(3761, 541, 6, 0, 3, 1, 81),
(3762, 542, 7, 0, 7, 2, 82),
(3763, 543, 6, 0, 1, 1, 83),
(3764, 544, 5, 0, 3, 1, 84),
(3765, 545, 4, 0, 1, 1, 85),
(3766, 546, 5, 0, 7, 1, 86),
(3767, 547, 7, 0, 6, 2, 87),
(3768, 548, 2, 0, 7, 1, 88),
(3769, 549, 9, 0, 3, 1, 89),
(3770, 550, 5, 0, 5, 1, 90),
(3771, 551, 6, 0, 7, 1, 91),
(3772, 552, 2, 0, 2, 2, 92),
(3773, 553, 9, 0, 1, 2, 93),
(3774, 554, 2, 0, 2, 2, 94),
(3775, 555, 9, 0, 7, 2, 95),
(3776, 556, 1, 0, 7, 2, 96),
(3777, 557, 6, 0, 6, 2, 97),
(3778, 558, 2, 0, 3, 1, 98),
(3779, 559, 2, 0, 7, 1, 99),
(3780, 560, 7, 0, 6, 2, 100),
(3781, 561, 8, 0, 6, 2, 101),
(3782, 562, 4, 0, 5, 2, 102),
(3783, 563, 6, 0, 7, 1, 103),
(3784, 564, 6, 0, 2, 2, 104),
(3785, 565, 0, 0, 6, 2, 105),
(3786, 566, 9, 0, 6, 2, 106),
(3787, 567, 9, 0, 1, 1, 107),
(3788, 568, 3, 0, 5, 2, 108),
(3789, 569, 0, 0, 3, 1, 109),
(3790, 570, 2, 0, 6, 1, 110),
(3791, 571, 1, 0, 7, 1, 111),
(3792, 572, 8, 0, 2, 1, 112),
(3793, 573, 3, 0, 2, 1, 113),
(3794, 574, 4, 0, 2, 2, 114),
(3795, 575, 5, 0, 2, 2, 115),
(3796, 576, 2, 0, 5, 2, 116),
(3797, 577, 6, 0, 1, 2, 117),
(3798, 578, 6, 0, 3, 2, 118),
(3799, 579, 3, 0, 4, 1, 119),
(3800, 580, 8, 0, 7, 1, 120),
(3801, 581, 2, 0, 4, 2, 121),
(3802, 582, 2, 0, 5, 2, 122),
(3803, 583, 4, 0, 2, 1, 123),
(3804, 584, 0, 0, 5, 2, 124),
(3805, 585, 3, 0, 1, 1, 125),
(3806, 586, 0, 0, 5, 2, 126),
(3807, 587, 3, 0, 3, 1, 127),
(3808, 588, 4, 0, 4, 1, 128),
(3809, 589, 1, 0, 6, 1, 129),
(3810, 590, 3, 0, 5, 2, 130),
(3811, 591, 8, 0, 3, 2, 131),
(3812, 592, 4, 0, 2, 1, 132),
(3813, 593, 7, 0, 4, 1, 133),
(3814, 594, 2, 0, 1, 1, 134),
(3815, 595, 3, 0, 3, 2, 135),
(3816, 596, 5, 0, 1, 2, 136),
(3817, 597, 8, 0, 6, 2, 137),
(3818, 598, 9, 0, 2, 1, 138),
(3819, 599, 8, 0, 2, 2, 139),
(3820, 600, 4, 0, 5, 1, 140),
(3821, 601, 5, 0, 7, 1, 141),
(3822, 602, 6, 0, 6, 2, 142),
(3823, 603, 7, 0, 2, 2, 143),
(3824, 604, 0, 0, 6, 1, 144),
(3825, 605, 8, 0, 7, 2, 145),
(3826, 606, 1, 0, 5, 2, 146),
(3827, 607, 3, 0, 1, 2, 147),
(3828, 608, 6, 0, 1, 1, 148),
(3829, 609, 5, 0, 2, 2, 149),
(3830, 610, 3, 0, 7, 2, 150),
(3831, 611, 7, 0, 7, 1, 151),
(3832, 612, 1, 0, 2, 1, 152),
(3833, 613, 4, 0, 6, 1, 153),
(3834, 614, 1, 0, 7, 1, 154),
(3835, 615, 8, 0, 6, 2, 155),
(3836, 616, 1, 0, 3, 1, 156),
(3837, 617, 0, 0, 1, 1, 157),
(3838, 618, 2, 0, 4, 1, 158),
(3839, 619, 9, 0, 3, 2, 159),
(3840, 620, 1, 0, 5, 1, 160),
(3841, 621, 6, 0, 3, 2, 161),
(3842, 622, 8, 0, 6, 1, 162),
(3843, 623, 5, 0, 7, 1, 163),
(3844, 624, 6, 0, 4, 1, 164),
(3845, 625, 4, 0, 1, 1, 165),
(3846, 626, 0, 0, 1, 2, 166),
(3847, 627, 7, 0, 1, 1, 167),
(3848, 628, 7, 0, 3, 1, 168),
(3849, 629, 9, 0, 7, 2, 169),
(3850, 630, 3, 0, 5, 1, 170),
(3851, 631, 3, 0, 2, 1, 171),
(3852, 632, 5, 0, 1, 2, 172),
(3853, 633, 8, 0, 6, 2, 173),
(3854, 634, 7, 0, 6, 2, 174),
(3855, 635, 6, 0, 1, 2, 175),
(3856, 636, 3, 0, 2, 1, 176),
(3857, 637, 1, 0, 7, 1, 177),
(3858, 638, 8, 0, 5, 1, 178),
(3859, 639, 3, 0, 5, 2, 179),
(3860, 640, 0, 0, 2, 2, 180),
(3861, 641, 8, 0, 2, 1, 181),
(3862, 642, 7, 0, 4, 1, 182),
(3863, 643, 7, 0, 7, 1, 183),
(3864, 644, 0, 0, 2, 1, 184),
(3865, 645, 4, 0, 4, 1, 185),
(3866, 646, 1, 0, 1, 1, 186),
(3867, 647, 4, 0, 5, 1, 187),
(3868, 648, 6, 0, 6, 2, 188),
(3869, 649, 5, 0, 4, 2, 189),
(3870, 650, 3, 0, 7, 1, 190),
(3871, 651, 3, 0, 3, 1, 191),
(3872, 652, 0, 0, 4, 1, 192),
(3873, 653, 3, 0, 5, 2, 193),
(3874, 654, 0, 0, 2, 1, 194),
(3875, 655, 9, 0, 2, 2, 195),
(3876, 656, 6, 0, 5, 2, 196),
(3877, 657, 9, 0, 5, 2, 197),
(3878, 658, 1, 0, 4, 2, 198),
(3879, 659, 0, 0, 2, 1, 199),
(3880, 660, 4, 0, 2, 2, 200),
(3881, 661, 3, 0, 2, 1, 201),
(3882, 662, 3, 0, 2, 2, 202),
(3883, 663, 6, 0, 3, 2, 203),
(3884, 664, 3, 0, 2, 2, 204),
(3885, 665, 8, 0, 1, 1, 205),
(3886, 666, 0, 0, 4, 1, 206),
(3887, 667, 0, 0, 3, 2, 207),
(3888, 668, 7, 0, 7, 2, 208),
(3889, 669, 1, 0, 6, 2, 209),
(3890, 670, 0, 0, 1, 2, 210),
(3891, 671, 9, 0, 2, 2, 211),
(3892, 672, 2, 0, 1, 2, 212),
(3893, 673, 9, 0, 2, 1, 213),
(3894, 674, 3, 0, 5, 1, 214),
(3895, 675, 4, 0, 4, 1, 215),
(3896, 676, 3, 0, 7, 2, 216),
(3897, 677, 7, 0, 3, 1, 217),
(3898, 678, 9, 0, 7, 2, 218),
(3899, 679, 3, 0, 5, 2, 219),
(3900, 680, 5, 0, 3, 1, 220),
(3901, 681, 7, 0, 5, 2, 221),
(3902, 682, 5, 0, 6, 1, 222),
(3903, 683, 8, 0, 4, 2, 223),
(3904, 684, 9, 0, 1, 2, 224),
(3905, 685, 0, 0, 1, 1, 225),
(3906, 686, 9, 0, 6, 1, 226),
(3907, 687, 5, 0, 7, 1, 227),
(3908, 688, 8, 0, 4, 2, 228),
(3909, 689, 6, 0, 1, 1, 229),
(3910, 690, 8, 0, 7, 2, 230),
(3911, 691, 2, 0, 7, 2, 231),
(3912, 692, 1, 0, 2, 2, 232),
(3913, 693, 4, 0, 3, 2, 233),
(3914, 694, 0, 0, 2, 1, 234),
(3915, 695, 1, 0, 4, 2, 235),
(3916, 696, 5, 0, 4, 2, 236),
(3917, 697, 6, 0, 2, 1, 237),
(3918, 698, 8, 0, 2, 2, 238),
(3919, 699, 6, 0, 5, 2, 239),
(3920, 700, 9, 0, 6, 1, 240),
(3921, 701, 3, 0, 5, 2, 241),
(3922, 702, 5, 0, 4, 1, 242),
(3923, 703, 4, 0, 2, 1, 243),
(3924, 704, 0, 0, 5, 1, 244),
(3925, 705, 3, 0, 7, 2, 245),
(3926, 706, 5, 0, 4, 1, 246),
(3927, 707, 5, 0, 7, 1, 247),
(3928, 708, 2, 0, 2, 1, 248),
(3929, 709, 4, 0, 3, 1, 249),
(3930, 710, 6, 0, 3, 1, 250),
(3931, 711, 2, 0, 6, 1, 251),
(3932, 712, 4, 0, 2, 1, 252),
(3933, 713, 7, 0, 4, 1, 253),
(3934, 714, 4, 0, 3, 2, 254),
(3935, 715, 0, 0, 1, 2, 255),
(3936, 716, 8, 0, 2, 1, 256),
(3937, 717, 3, 0, 1, 2, 257),
(3938, 718, 2, 0, 5, 1, 258),
(3939, 719, 0, 0, 5, 2, 259),
(3940, 720, 6, 0, 2, 2, 260),
(3941, 721, 2, 0, 2, 1, 261),
(3942, 722, 7, 0, 5, 1, 262),
(3943, 723, 1, 0, 1, 2, 263),
(3944, 724, 5, 0, 4, 2, 264),
(3945, 725, 9, 0, 2, 2, 265),
(3946, 726, 6, 0, 1, 1, 266),
(3947, 727, 8, 0, 3, 2, 267),
(3948, 728, 9, 0, 2, 2, 268),
(3949, 729, 1, 0, 6, 1, 269),
(3950, 730, 0, 0, 4, 1, 270),
(3951, 731, 5, 0, 6, 2, 271),
(3952, 732, 0, 0, 1, 1, 272),
(3953, 733, 8, 0, 4, 1, 273),
(3954, 734, 0, 0, 6, 1, 274),
(3955, 735, 6, 0, 1, 1, 275),
(3956, 736, 1, 0, 5, 2, 276),
(3957, 737, 1, 0, 4, 2, 277),
(3958, 738, 5, 0, 6, 2, 278),
(3959, 739, 0, 0, 2, 2, 279),
(3960, 740, 9, 0, 1, 1, 280),
(3961, 741, 9, 0, 4, 1, 281),
(3962, 742, 1, 0, 3, 1, 282),
(3963, 743, 2, 0, 6, 2, 283),
(3964, 744, 5, 0, 7, 1, 284),
(3965, 745, 7, 0, 4, 1, 285),
(3966, 746, 8, 0, 7, 1, 286),
(3967, 747, 3, 0, 2, 2, 287),
(3968, 748, 8, 0, 7, 2, 288),
(3969, 749, 3, 0, 1, 2, 289),
(3970, 750, 0, 0, 7, 2, 290),
(3971, 751, 2, 0, 4, 2, 291),
(3972, 752, 8, 0, 4, 1, 292),
(3973, 753, 1, 0, 5, 1, 293),
(3974, 754, 3, 0, 5, 1, 294),
(3975, 755, 2, 0, 7, 1, 295),
(3976, 756, 4, 0, 3, 2, 296),
(3977, 757, 5, 0, 5, 2, 297),
(3978, 758, 3, 0, 6, 1, 298),
(3979, 759, 8, 0, 2, 1, 299),
(3980, 760, 7, 0, 7, 2, 300),
(3981, 761, 0, 0, 1, 2, 301),
(3982, 762, 8, 0, 4, 2, 302),
(3983, 763, 1, 0, 7, 2, 303),
(3984, 764, 0, 0, 2, 2, 304),
(3985, 765, 5, 0, 4, 2, 305),
(3986, 766, 8, 0, 3, 1, 306),
(3987, 767, 9, 0, 7, 2, 307),
(3988, 768, 6, 0, 2, 1, 308),
(3989, 769, 8, 0, 2, 2, 309),
(3990, 770, 3, 0, 4, 1, 310),
(3991, 771, 8, 0, 4, 2, 311),
(3992, 772, 3, 0, 4, 2, 312),
(3993, 773, 7, 0, 3, 2, 313),
(3994, 774, 0, 0, 7, 2, 314),
(3995, 775, 5, 0, 7, 2, 315),
(3996, 776, 0, 0, 4, 2, 316),
(3997, 777, 2, 0, 2, 1, 317),
(3998, 778, 0, 0, 6, 1, 318),
(3999, 779, 6, 0, 3, 2, 319),
(4000, 780, 3, 0, 6, 2, 320),
(4001, 781, 6, 0, 5, 2, 321),
(4002, 782, 7, 0, 6, 2, 322),
(4003, 783, 5, 0, 1, 2, 323),
(4004, 784, 3, 0, 2, 1, 324),
(4005, 785, 2, 0, 1, 1, 325),
(4006, 786, 3, 0, 6, 1, 326),
(4007, 787, 1, 0, 1, 2, 327),
(4008, 788, 2, 0, 2, 2, 328),
(4009, 789, 7, 0, 1, 2, 329),
(4010, 790, 8, 0, 5, 2, 330),
(4011, 791, 1, 0, 5, 2, 331),
(4012, 792, 6, 0, 4, 2, 332),
(4013, 793, 3, 0, 7, 2, 333),
(4014, 794, 7, 0, 6, 2, 334),
(4015, 795, 0, 0, 5, 2, 335),
(4016, 796, 5, 0, 7, 2, 336),
(4017, 797, 5, 0, 5, 1, 337),
(4018, 798, 3, 0, 2, 1, 338),
(4019, 799, 9, 0, 3, 2, 339),
(4020, 800, 3, 0, 7, 1, 340),
(4021, 801, 8, 0, 7, 2, 341),
(4022, 802, 3, 0, 6, 2, 342),
(4023, 803, 1, 0, 5, 1, 343),
(4024, 804, 4, 0, 4, 2, 344),
(4025, 805, 2, 0, 5, 1, 345),
(4026, 806, 7, 0, 2, 2, 346),
(4027, 807, 8, 0, 7, 2, 347),
(4028, 808, 5, 0, 7, 1, 348),
(4029, 809, 4, 0, 6, 2, 349),
(4030, 810, 7, 0, 6, 1, 350),
(4031, 811, 2, 0, 6, 2, 351),
(4032, 812, 7, 0, 2, 1, 352),
(4033, 813, 3, 0, 1, 2, 353),
(4034, 814, 1, 0, 4, 1, 354),
(4035, 815, 3, 0, 5, 1, 355),
(4036, 816, 8, 0, 4, 2, 356),
(4037, 817, 3, 0, 5, 1, 357),
(4038, 818, 8, 0, 6, 2, 358),
(4039, 819, 9, 0, 7, 1, 359),
(4040, 820, 7, 0, 7, 1, 360),
(4041, 821, 4, 0, 2, 2, 361),
(4042, 822, 5, 0, 2, 2, 362),
(4043, 823, 1, 0, 2, 1, 363),
(4044, 824, 0, 0, 3, 1, 364),
(4045, 825, 1, 0, 5, 1, 365),
(4046, 826, 2, 0, 1, 1, 366),
(4047, 827, 5, 0, 1, 2, 367),
(4048, 828, 3, 0, 2, 1, 368),
(4049, 829, 2, 0, 1, 1, 369),
(4050, 830, 9, 0, 5, 1, 370),
(4051, 831, 7, 0, 1, 2, 371),
(4052, 832, 3, 0, 7, 2, 372),
(4053, 833, 7, 0, 5, 2, 373),
(4054, 834, 7, 0, 1, 2, 374),
(4055, 835, 3, 0, 7, 2, 375),
(4056, 836, 5, 0, 1, 2, 376),
(4057, 837, 2, 0, 7, 1, 377),
(4058, 838, 7, 0, 1, 2, 378),
(4059, 839, 4, 0, 2, 2, 379),
(4060, 840, 7, 0, 7, 2, 380),
(4061, 841, 8, 0, 3, 1, 381),
(4062, 842, 6, 0, 7, 2, 382),
(4063, 843, 6, 0, 1, 2, 383),
(4064, 844, 2, 0, 5, 1, 384),
(4065, 845, 8, 0, 1, 2, 385),
(4066, 846, 3, 0, 6, 1, 386),
(4067, 847, 9, 0, 1, 2, 387),
(4068, 848, 2, 0, 1, 2, 388),
(4069, 849, 4, 0, 4, 1, 389),
(4070, 850, 3, 0, 3, 2, 390),
(4071, 851, 5, 0, 3, 1, 391),
(4072, 852, 2, 0, 6, 2, 392),
(4073, 853, 7, 0, 6, 2, 393),
(4074, 854, 2, 0, 7, 1, 394),
(4075, 855, 4, 0, 7, 2, 395),
(4076, 856, 1, 0, 3, 1, 396),
(4077, 857, 6, 0, 4, 1, 397),
(4078, 858, 4, 0, 4, 2, 398),
(4079, 859, 3, 0, 3, 2, 399),
(4080, 860, 1, 0, 7, 2, 400),
(4081, 861, 6, 0, 5, 1, 401),
(4082, 862, 3, 0, 2, 1, 402),
(4083, 863, 6, 0, 3, 2, 403),
(4084, 864, 1, 0, 2, 2, 404),
(4085, 865, 3, 0, 5, 2, 405),
(4086, 866, 9, 0, 5, 2, 406),
(4087, 867, 5, 0, 3, 1, 407),
(4088, 868, 7, 0, 7, 2, 408),
(4089, 869, 9, 0, 7, 1, 409),
(4090, 870, 6, 0, 1, 1, 410),
(4091, 871, 8, 0, 4, 2, 411),
(4092, 872, 0, 0, 1, 2, 412),
(4093, 873, 5, 0, 2, 2, 413),
(4094, 874, 3, 0, 3, 2, 414),
(4095, 875, 3, 0, 5, 2, 415),
(4096, 876, 2, 0, 5, 2, 416),
(4097, 877, 8, 0, 1, 1, 417),
(4098, 878, 6, 0, 4, 1, 418),
(4099, 879, 0, 0, 3, 2, 419),
(4100, 880, 0, 0, 4, 2, 420),
(4101, 881, 9, 0, 5, 1, 421),
(4102, 882, 1, 0, 7, 2, 422),
(4103, 883, 3, 0, 6, 2, 423),
(4104, 884, 8, 0, 1, 2, 424),
(4105, 885, 5, 0, 5, 2, 425),
(4106, 886, 6, 0, 5, 1, 426),
(4107, 887, 2, 0, 3, 2, 427),
(4108, 888, 7, 0, 2, 1, 428),
(4109, 889, 5, 0, 6, 1, 429),
(4110, 890, 5, 0, 3, 1, 430),
(4111, 891, 3, 0, 5, 2, 431),
(4112, 892, 3, 0, 1, 2, 432),
(4113, 893, 0, 0, 6, 1, 433),
(4114, 894, 7, 0, 3, 2, 434),
(4115, 895, 0, 0, 2, 1, 435),
(4116, 896, 4, 0, 5, 1, 436),
(4117, 897, 8, 0, 7, 1, 437),
(4118, 898, 0, 0, 6, 2, 438),
(4119, 899, 7, 0, 5, 1, 439),
(4120, 900, 9, 0, 4, 1, 440),
(4121, 901, 0, 0, 6, 2, 441),
(4122, 902, 4, 0, 2, 2, 442),
(4123, 903, 5, 0, 6, 1, 443),
(4124, 904, 5, 0, 2, 1, 444),
(4125, 905, 0, 0, 6, 1, 445),
(4126, 906, 0, 0, 7, 1, 446),
(4127, 907, 4, 0, 2, 1, 447),
(4128, 908, 0, 0, 7, 2, 448),
(4129, 909, 8, 0, 1, 2, 449),
(4130, 910, 0, 0, 2, 2, 450),
(4131, 911, 4, 0, 3, 2, 451),
(4132, 912, 6, 0, 5, 1, 452),
(4133, 913, 4, 0, 6, 2, 453),
(4134, 914, 9, 0, 2, 1, 454),
(4135, 915, 1, 0, 2, 2, 455),
(4136, 916, 2, 0, 3, 2, 456),
(4137, 917, 5, 0, 5, 1, 457),
(4138, 918, 4, 0, 4, 1, 458),
(4139, 919, 4, 0, 6, 1, 459),
(4140, 920, 0, 0, 3, 1, 460),
(4141, 461, 9, 0, 3, 1, 1),
(4142, 462, 9, 0, 1, 1, 2),
(4143, 463, 4, 0, 5, 1, 3),
(4144, 464, 5, 0, 5, 1, 4),
(4145, 465, 0, 0, 1, 2, 5),
(4146, 466, 8, 0, 3, 1, 6),
(4147, 467, 2, 0, 3, 2, 7),
(4148, 468, 5, 0, 2, 2, 8),
(4149, 469, 3, 0, 7, 2, 9),
(4150, 470, 2, 0, 2, 1, 10),
(4151, 471, 7, 0, 4, 1, 11),
(4152, 472, 9, 0, 5, 2, 12),
(4153, 473, 3, 0, 6, 2, 13),
(4154, 474, 3, 0, 1, 2, 14),
(4155, 475, 7, 0, 7, 1, 15),
(4156, 476, 1, 0, 1, 1, 16),
(4157, 477, 6, 0, 4, 2, 17),
(4158, 478, 1, 0, 1, 2, 18),
(4159, 479, 8, 0, 2, 1, 19),
(4160, 480, 4, 0, 2, 1, 20),
(4161, 481, 4, 0, 6, 1, 21),
(4162, 482, 4, 0, 7, 1, 22),
(4163, 483, 9, 0, 7, 1, 23),
(4164, 484, 0, 0, 7, 2, 24),
(4165, 485, 5, 0, 1, 1, 25),
(4166, 486, 2, 0, 7, 1, 26),
(4167, 487, 9, 0, 1, 1, 27),
(4168, 488, 1, 0, 3, 2, 28),
(4169, 489, 0, 0, 6, 1, 29),
(4170, 490, 9, 0, 2, 1, 30),
(4171, 491, 2, 0, 3, 2, 31),
(4172, 492, 2, 0, 2, 1, 32),
(4173, 493, 7, 0, 7, 1, 33),
(4174, 494, 3, 0, 3, 2, 34),
(4175, 495, 8, 0, 7, 2, 35),
(4176, 496, 8, 0, 6, 1, 36),
(4177, 497, 8, 0, 3, 2, 37),
(4178, 498, 8, 0, 1, 1, 38),
(4179, 499, 8, 0, 7, 1, 39),
(4180, 500, 7, 0, 4, 2, 40),
(4181, 501, 9, 0, 4, 2, 41),
(4182, 502, 2, 0, 7, 1, 42),
(4183, 503, 2, 0, 5, 1, 43),
(4184, 504, 3, 0, 5, 2, 44),
(4185, 505, 7, 0, 7, 1, 45),
(4186, 506, 7, 0, 2, 1, 46),
(4187, 507, 4, 0, 7, 1, 47),
(4188, 508, 4, 0, 7, 2, 48),
(4189, 509, 5, 0, 6, 1, 49),
(4190, 510, 9, 0, 1, 1, 50),
(4191, 511, 9, 0, 4, 1, 51),
(4192, 512, 5, 0, 6, 2, 52),
(4193, 513, 9, 0, 2, 1, 53),
(4194, 514, 9, 0, 6, 1, 54),
(4195, 515, 7, 0, 2, 1, 55),
(4196, 516, 2, 0, 6, 1, 56),
(4197, 517, 1, 0, 3, 1, 57),
(4198, 518, 0, 0, 3, 1, 58),
(4199, 519, 1, 0, 4, 2, 59),
(4200, 520, 6, 0, 3, 2, 60),
(4201, 521, 2, 0, 4, 2, 61),
(4202, 522, 0, 0, 7, 2, 62),
(4203, 523, 1, 0, 7, 2, 63),
(4204, 524, 6, 0, 1, 2, 64),
(4205, 525, 6, 0, 6, 2, 65),
(4206, 526, 9, 0, 7, 1, 66),
(4207, 527, 8, 0, 1, 2, 67),
(4208, 528, 9, 0, 7, 2, 68),
(4209, 529, 8, 0, 6, 1, 69),
(4210, 530, 5, 0, 2, 2, 70),
(4211, 531, 5, 0, 2, 1, 71),
(4212, 532, 7, 0, 6, 1, 72),
(4213, 533, 3, 0, 6, 1, 73),
(4214, 534, 0, 0, 7, 2, 74),
(4215, 535, 4, 0, 5, 2, 75),
(4216, 536, 7, 0, 5, 1, 76),
(4217, 537, 2, 0, 1, 2, 77),
(4218, 538, 0, 0, 3, 1, 78),
(4219, 539, 5, 0, 4, 2, 79),
(4220, 540, 5, 0, 2, 1, 80),
(4221, 541, 6, 0, 3, 1, 81),
(4222, 542, 7, 0, 7, 2, 82),
(4223, 543, 6, 0, 1, 1, 83),
(4224, 544, 5, 0, 3, 1, 84),
(4225, 545, 4, 0, 1, 1, 85),
(4226, 546, 5, 0, 7, 1, 86),
(4227, 547, 7, 0, 6, 2, 87),
(4228, 548, 2, 0, 7, 1, 88),
(4229, 549, 9, 0, 3, 1, 89),
(4230, 550, 5, 0, 5, 1, 90),
(4231, 551, 6, 0, 7, 1, 91),
(4232, 552, 2, 0, 2, 2, 92),
(4233, 553, 9, 0, 1, 2, 93),
(4234, 554, 2, 0, 2, 2, 94),
(4235, 555, 9, 0, 7, 2, 95),
(4236, 556, 1, 0, 7, 2, 96),
(4237, 557, 6, 0, 6, 2, 97),
(4238, 558, 2, 0, 3, 1, 98),
(4239, 559, 2, 0, 7, 1, 99),
(4240, 560, 7, 0, 6, 2, 100),
(4241, 561, 8, 0, 6, 2, 101),
(4242, 562, 4, 0, 5, 2, 102),
(4243, 563, 6, 0, 7, 1, 103),
(4244, 564, 6, 0, 2, 2, 104),
(4245, 565, 0, 0, 6, 2, 105),
(4246, 566, 9, 0, 6, 2, 106),
(4247, 567, 9, 0, 1, 1, 107),
(4248, 568, 3, 0, 5, 2, 108),
(4249, 569, 0, 0, 3, 1, 109),
(4250, 570, 2, 0, 6, 1, 110),
(4251, 571, 1, 0, 7, 1, 111),
(4252, 572, 8, 0, 2, 1, 112),
(4253, 573, 3, 0, 2, 1, 113),
(4254, 574, 4, 0, 2, 2, 114),
(4255, 575, 5, 0, 2, 2, 115),
(4256, 576, 2, 0, 5, 2, 116),
(4257, 577, 6, 0, 1, 2, 117),
(4258, 578, 6, 0, 3, 2, 118),
(4259, 579, 3, 0, 4, 1, 119),
(4260, 580, 8, 0, 7, 1, 120),
(4261, 581, 2, 0, 4, 2, 121),
(4262, 582, 2, 0, 5, 2, 122),
(4263, 583, 4, 0, 2, 1, 123),
(4264, 584, 0, 0, 5, 2, 124),
(4265, 585, 3, 0, 1, 1, 125),
(4266, 586, 0, 0, 5, 2, 126),
(4267, 587, 3, 0, 3, 1, 127),
(4268, 588, 4, 0, 4, 1, 128),
(4269, 589, 1, 0, 6, 1, 129),
(4270, 590, 3, 0, 5, 2, 130),
(4271, 591, 8, 0, 3, 2, 131),
(4272, 592, 4, 0, 2, 1, 132),
(4273, 593, 7, 0, 4, 1, 133),
(4274, 594, 2, 0, 1, 1, 134),
(4275, 595, 3, 0, 3, 2, 135),
(4276, 596, 5, 0, 1, 2, 136),
(4277, 597, 8, 0, 6, 2, 137),
(4278, 598, 9, 0, 2, 1, 138),
(4279, 599, 8, 0, 2, 2, 139),
(4280, 600, 4, 0, 5, 1, 140),
(4281, 601, 5, 0, 7, 1, 141),
(4282, 602, 6, 0, 6, 2, 142),
(4283, 603, 7, 0, 2, 2, 143),
(4284, 604, 0, 0, 6, 1, 144),
(4285, 605, 8, 0, 7, 2, 145),
(4286, 606, 1, 0, 5, 2, 146),
(4287, 607, 3, 0, 1, 2, 147),
(4288, 608, 6, 0, 1, 1, 148),
(4289, 609, 5, 0, 2, 2, 149),
(4290, 610, 3, 0, 7, 2, 150),
(4291, 611, 7, 0, 7, 1, 151),
(4292, 612, 1, 0, 2, 1, 152),
(4293, 613, 4, 0, 6, 1, 153),
(4294, 614, 1, 0, 7, 1, 154),
(4295, 615, 8, 0, 6, 2, 155),
(4296, 616, 1, 0, 3, 1, 156),
(4297, 617, 0, 0, 1, 1, 157),
(4298, 618, 2, 0, 4, 1, 158),
(4299, 619, 9, 0, 3, 2, 159),
(4300, 620, 1, 0, 5, 1, 160),
(4301, 621, 6, 0, 3, 2, 161),
(4302, 622, 8, 0, 6, 1, 162),
(4303, 623, 5, 0, 7, 1, 163),
(4304, 624, 6, 0, 4, 1, 164),
(4305, 625, 4, 0, 1, 1, 165),
(4306, 626, 0, 0, 1, 2, 166),
(4307, 627, 7, 0, 1, 1, 167),
(4308, 628, 7, 0, 3, 1, 168),
(4309, 629, 9, 0, 7, 2, 169),
(4310, 630, 3, 0, 5, 1, 170),
(4311, 631, 3, 0, 2, 1, 171),
(4312, 632, 5, 0, 1, 2, 172),
(4313, 633, 8, 0, 6, 2, 173),
(4314, 634, 7, 0, 6, 2, 174),
(4315, 635, 6, 0, 1, 2, 175),
(4316, 636, 3, 0, 2, 1, 176),
(4317, 637, 1, 0, 7, 1, 177),
(4318, 638, 8, 0, 5, 1, 178),
(4319, 639, 3, 0, 5, 2, 179),
(4320, 640, 0, 0, 2, 2, 180),
(4321, 641, 8, 0, 2, 1, 181),
(4322, 642, 7, 0, 4, 1, 182),
(4323, 643, 7, 0, 7, 1, 183),
(4324, 644, 0, 0, 2, 1, 184),
(4325, 645, 4, 0, 4, 1, 185),
(4326, 646, 1, 0, 1, 1, 186),
(4327, 647, 4, 0, 5, 1, 187),
(4328, 648, 6, 0, 6, 2, 188),
(4329, 649, 5, 0, 4, 2, 189),
(4330, 650, 3, 0, 7, 1, 190),
(4331, 651, 3, 0, 3, 1, 191),
(4332, 652, 0, 0, 4, 1, 192),
(4333, 653, 3, 0, 5, 2, 193),
(4334, 654, 0, 0, 2, 1, 194),
(4335, 655, 9, 0, 2, 2, 195),
(4336, 656, 6, 0, 5, 2, 196),
(4337, 657, 9, 0, 5, 2, 197),
(4338, 658, 1, 0, 4, 2, 198),
(4339, 659, 0, 0, 2, 1, 199),
(4340, 660, 4, 0, 2, 2, 200),
(4341, 661, 3, 0, 2, 1, 201),
(4342, 662, 3, 0, 2, 2, 202),
(4343, 663, 6, 0, 3, 2, 203),
(4344, 664, 3, 0, 2, 2, 204),
(4345, 665, 8, 0, 1, 1, 205),
(4346, 666, 0, 0, 4, 1, 206),
(4347, 667, 0, 0, 3, 2, 207),
(4348, 668, 7, 0, 7, 2, 208),
(4349, 669, 1, 0, 6, 2, 209),
(4350, 670, 0, 0, 1, 2, 210),
(4351, 671, 9, 0, 2, 2, 211),
(4352, 672, 2, 0, 1, 2, 212),
(4353, 673, 9, 0, 2, 1, 213),
(4354, 674, 3, 0, 5, 1, 214),
(4355, 675, 4, 0, 4, 1, 215),
(4356, 676, 3, 0, 7, 2, 216),
(4357, 677, 7, 0, 3, 1, 217),
(4358, 678, 9, 0, 7, 2, 218),
(4359, 679, 3, 0, 5, 2, 219),
(4360, 680, 5, 0, 3, 1, 220),
(4361, 681, 7, 0, 5, 2, 221),
(4362, 682, 5, 0, 6, 1, 222),
(4363, 683, 8, 0, 4, 2, 223),
(4364, 684, 9, 0, 1, 2, 224),
(4365, 685, 0, 0, 1, 1, 225),
(4366, 686, 9, 0, 6, 1, 226),
(4367, 687, 5, 0, 7, 1, 227),
(4368, 688, 8, 0, 4, 2, 228),
(4369, 689, 6, 0, 1, 1, 229),
(4370, 690, 8, 0, 7, 2, 230),
(4371, 691, 2, 0, 7, 2, 231),
(4372, 692, 1, 0, 2, 2, 232),
(4373, 693, 4, 0, 3, 2, 233),
(4374, 694, 0, 0, 2, 1, 234),
(4375, 695, 1, 0, 4, 2, 235),
(4376, 696, 5, 0, 4, 2, 236),
(4377, 697, 6, 0, 2, 1, 237),
(4378, 698, 8, 0, 2, 2, 238),
(4379, 699, 6, 0, 5, 2, 239),
(4380, 700, 9, 0, 6, 1, 240),
(4381, 701, 3, 0, 5, 2, 241),
(4382, 702, 5, 0, 4, 1, 242),
(4383, 703, 4, 0, 2, 1, 243),
(4384, 704, 0, 0, 5, 1, 244),
(4385, 705, 3, 0, 7, 2, 245),
(4386, 706, 5, 0, 4, 1, 246),
(4387, 707, 5, 0, 7, 1, 247),
(4388, 708, 2, 0, 2, 1, 248),
(4389, 709, 4, 0, 3, 1, 249),
(4390, 710, 6, 0, 3, 1, 250),
(4391, 711, 2, 0, 6, 1, 251),
(4392, 712, 4, 0, 2, 1, 252),
(4393, 713, 7, 0, 4, 1, 253),
(4394, 714, 4, 0, 3, 2, 254),
(4395, 715, 0, 0, 1, 2, 255),
(4396, 716, 8, 0, 2, 1, 256),
(4397, 717, 3, 0, 1, 2, 257),
(4398, 718, 2, 0, 5, 1, 258),
(4399, 719, 0, 0, 5, 2, 259),
(4400, 720, 6, 0, 2, 2, 260),
(4401, 721, 2, 0, 2, 1, 261),
(4402, 722, 7, 0, 5, 1, 262),
(4403, 723, 1, 0, 1, 2, 263),
(4404, 724, 5, 0, 4, 2, 264),
(4405, 725, 9, 0, 2, 2, 265),
(4406, 726, 6, 0, 1, 1, 266),
(4407, 727, 8, 0, 3, 2, 267),
(4408, 728, 9, 0, 2, 2, 268),
(4409, 729, 1, 0, 6, 1, 269),
(4410, 730, 0, 0, 4, 1, 270),
(4411, 731, 5, 0, 6, 2, 271),
(4412, 732, 0, 0, 1, 1, 272),
(4413, 733, 8, 0, 4, 1, 273),
(4414, 734, 0, 0, 6, 1, 274),
(4415, 735, 6, 0, 1, 1, 275),
(4416, 736, 1, 0, 5, 2, 276),
(4417, 737, 1, 0, 4, 2, 277),
(4418, 738, 5, 0, 6, 2, 278),
(4419, 739, 0, 0, 2, 2, 279),
(4420, 740, 9, 0, 1, 1, 280),
(4421, 741, 9, 0, 4, 1, 281),
(4422, 742, 1, 0, 3, 1, 282),
(4423, 743, 2, 0, 6, 2, 283),
(4424, 744, 5, 0, 7, 1, 284),
(4425, 745, 7, 0, 4, 1, 285),
(4426, 746, 8, 0, 7, 1, 286),
(4427, 747, 3, 0, 2, 2, 287),
(4428, 748, 8, 0, 7, 2, 288),
(4429, 749, 3, 0, 1, 2, 289),
(4430, 750, 0, 0, 7, 2, 290),
(4431, 751, 2, 0, 4, 2, 291),
(4432, 752, 8, 0, 4, 1, 292),
(4433, 753, 1, 0, 5, 1, 293),
(4434, 754, 3, 0, 5, 1, 294),
(4435, 755, 2, 0, 7, 1, 295),
(4436, 756, 4, 0, 3, 2, 296),
(4437, 757, 5, 0, 5, 2, 297),
(4438, 758, 3, 0, 6, 1, 298),
(4439, 759, 8, 0, 2, 1, 299),
(4440, 760, 7, 0, 7, 2, 300),
(4441, 761, 0, 0, 1, 2, 301),
(4442, 762, 8, 0, 4, 2, 302),
(4443, 763, 1, 0, 7, 2, 303),
(4444, 764, 0, 0, 2, 2, 304),
(4445, 765, 5, 0, 4, 2, 305),
(4446, 766, 8, 0, 3, 1, 306),
(4447, 767, 9, 0, 7, 2, 307),
(4448, 768, 6, 0, 2, 1, 308),
(4449, 769, 8, 0, 2, 2, 309),
(4450, 770, 3, 0, 4, 1, 310),
(4451, 771, 8, 0, 4, 2, 311),
(4452, 772, 3, 0, 4, 2, 312),
(4453, 773, 7, 0, 3, 2, 313),
(4454, 774, 0, 0, 7, 2, 314),
(4455, 775, 5, 0, 7, 2, 315),
(4456, 776, 0, 0, 4, 2, 316),
(4457, 777, 2, 0, 2, 1, 317),
(4458, 778, 0, 0, 6, 1, 318),
(4459, 779, 6, 0, 3, 2, 319),
(4460, 780, 3, 0, 6, 2, 320),
(4461, 781, 6, 0, 5, 2, 321),
(4462, 782, 7, 0, 6, 2, 322),
(4463, 783, 5, 0, 1, 2, 323),
(4464, 784, 3, 0, 2, 1, 324),
(4465, 785, 2, 0, 1, 1, 325),
(4466, 786, 3, 0, 6, 1, 326),
(4467, 787, 1, 0, 1, 2, 327),
(4468, 788, 2, 0, 2, 2, 328),
(4469, 789, 7, 0, 1, 2, 329),
(4470, 790, 8, 0, 5, 2, 330),
(4471, 791, 1, 0, 5, 2, 331),
(4472, 792, 6, 0, 4, 2, 332),
(4473, 793, 3, 0, 7, 2, 333),
(4474, 794, 7, 0, 6, 2, 334),
(4475, 795, 0, 0, 5, 2, 335),
(4476, 796, 5, 0, 7, 2, 336),
(4477, 797, 5, 0, 5, 1, 337),
(4478, 798, 3, 0, 2, 1, 338),
(4479, 799, 9, 0, 3, 2, 339),
(4480, 800, 3, 0, 7, 1, 340),
(4481, 801, 8, 0, 7, 2, 341),
(4482, 802, 3, 0, 6, 2, 342),
(4483, 803, 1, 0, 5, 1, 343),
(4484, 804, 4, 0, 4, 2, 344),
(4485, 805, 2, 0, 5, 1, 345),
(4486, 806, 7, 0, 2, 2, 346),
(4487, 807, 8, 0, 7, 2, 347),
(4488, 808, 5, 0, 7, 1, 348),
(4489, 809, 4, 0, 6, 2, 349),
(4490, 810, 7, 0, 6, 1, 350),
(4491, 811, 2, 0, 6, 2, 351),
(4492, 812, 7, 0, 2, 1, 352),
(4493, 813, 3, 0, 1, 2, 353),
(4494, 814, 1, 0, 4, 1, 354),
(4495, 815, 3, 0, 5, 1, 355),
(4496, 816, 8, 0, 4, 2, 356),
(4497, 817, 3, 0, 5, 1, 357),
(4498, 818, 8, 0, 6, 2, 358),
(4499, 819, 9, 0, 7, 1, 359),
(4500, 820, 7, 0, 7, 1, 360),
(4501, 821, 4, 0, 2, 2, 361),
(4502, 822, 5, 0, 2, 2, 362),
(4503, 823, 1, 0, 2, 1, 363),
(4504, 824, 0, 0, 3, 1, 364),
(4505, 825, 1, 0, 5, 1, 365),
(4506, 826, 2, 0, 1, 1, 366),
(4507, 827, 5, 0, 1, 2, 367),
(4508, 828, 3, 0, 2, 1, 368),
(4509, 829, 2, 0, 1, 1, 369),
(4510, 830, 9, 0, 5, 1, 370),
(4511, 831, 7, 0, 1, 2, 371),
(4512, 832, 3, 0, 7, 2, 372),
(4513, 833, 7, 0, 5, 2, 373),
(4514, 834, 7, 0, 1, 2, 374),
(4515, 835, 3, 0, 7, 2, 375),
(4516, 836, 5, 0, 1, 2, 376),
(4517, 837, 2, 0, 7, 1, 377),
(4518, 838, 7, 0, 1, 2, 378),
(4519, 839, 4, 0, 2, 2, 379),
(4520, 840, 7, 0, 7, 2, 380),
(4521, 841, 8, 0, 3, 1, 381),
(4522, 842, 6, 0, 7, 2, 382),
(4523, 843, 6, 0, 1, 2, 383),
(4524, 844, 2, 0, 5, 1, 384),
(4525, 845, 8, 0, 1, 2, 385),
(4526, 846, 3, 0, 6, 1, 386),
(4527, 847, 9, 0, 1, 2, 387),
(4528, 848, 2, 0, 1, 2, 388),
(4529, 849, 4, 0, 4, 1, 389),
(4530, 850, 3, 0, 3, 2, 390),
(4531, 851, 5, 0, 3, 1, 391),
(4532, 852, 2, 0, 6, 2, 392),
(4533, 853, 7, 0, 6, 2, 393),
(4534, 854, 2, 0, 7, 1, 394),
(4535, 855, 4, 0, 7, 2, 395),
(4536, 856, 1, 0, 3, 1, 396),
(4537, 857, 6, 0, 4, 1, 397),
(4538, 858, 4, 0, 4, 2, 398),
(4539, 859, 3, 0, 3, 2, 399),
(4540, 860, 1, 0, 7, 2, 400),
(4541, 861, 6, 0, 5, 1, 401),
(4542, 862, 3, 0, 2, 1, 402),
(4543, 863, 6, 0, 3, 2, 403),
(4544, 864, 1, 0, 2, 2, 404),
(4545, 865, 3, 0, 5, 2, 405),
(4546, 866, 9, 0, 5, 2, 406),
(4547, 867, 5, 0, 3, 1, 407),
(4548, 868, 7, 0, 7, 2, 408),
(4549, 869, 9, 0, 7, 1, 409),
(4550, 870, 6, 0, 1, 1, 410),
(4551, 871, 8, 0, 4, 2, 411),
(4552, 872, 0, 0, 1, 2, 412),
(4553, 873, 5, 0, 2, 2, 413),
(4554, 874, 3, 0, 3, 2, 414),
(4555, 875, 3, 0, 5, 2, 415),
(4556, 876, 2, 0, 5, 2, 416),
(4557, 877, 8, 0, 1, 1, 417),
(4558, 878, 6, 0, 4, 1, 418),
(4559, 879, 0, 0, 3, 2, 419),
(4560, 880, 0, 0, 4, 2, 420),
(4561, 881, 9, 0, 5, 1, 421),
(4562, 882, 1, 0, 7, 2, 422),
(4563, 883, 3, 0, 6, 2, 423),
(4564, 884, 8, 0, 1, 2, 424),
(4565, 885, 5, 0, 5, 2, 425),
(4566, 886, 6, 0, 5, 1, 426),
(4567, 887, 2, 0, 3, 2, 427),
(4568, 888, 7, 0, 2, 1, 428),
(4569, 889, 5, 0, 6, 1, 429),
(4570, 890, 5, 0, 3, 1, 430),
(4571, 891, 3, 0, 5, 2, 431),
(4572, 892, 3, 0, 1, 2, 432),
(4573, 893, 0, 0, 6, 1, 433),
(4574, 894, 7, 0, 3, 2, 434),
(4575, 895, 0, 0, 2, 1, 435),
(4576, 896, 4, 0, 5, 1, 436),
(4577, 897, 8, 0, 7, 1, 437),
(4578, 898, 0, 0, 6, 2, 438),
(4579, 899, 7, 0, 5, 1, 439),
(4580, 900, 9, 0, 4, 1, 440),
(4581, 901, 0, 0, 6, 2, 441),
(4582, 902, 4, 0, 2, 2, 442),
(4583, 903, 5, 0, 6, 1, 443),
(4584, 904, 5, 0, 2, 1, 444),
(4585, 905, 0, 0, 6, 1, 445),
(4586, 906, 0, 0, 7, 1, 446),
(4587, 907, 4, 0, 2, 1, 447),
(4588, 908, 0, 0, 7, 2, 448),
(4589, 909, 8, 0, 1, 2, 449),
(4590, 910, 0, 0, 2, 2, 450),
(4591, 911, 4, 0, 3, 2, 451),
(4592, 912, 6, 0, 5, 1, 452),
(4593, 913, 4, 0, 6, 2, 453),
(4594, 914, 9, 0, 2, 1, 454),
(4595, 915, 1, 0, 2, 2, 455),
(4596, 916, 2, 0, 3, 2, 456),
(4597, 917, 5, 0, 5, 1, 457),
(4598, 918, 4, 0, 4, 1, 458),
(4599, 919, 4, 0, 6, 1, 459),
(4600, 920, 0, 0, 3, 1, 460),
(4601, 461, 9, 0, 3, 1, 1),
(4602, 462, 9, 0, 1, 1, 2),
(4603, 463, 4, 0, 5, 1, 3),
(4604, 464, 5, 0, 5, 1, 4),
(4605, 465, 0, 0, 1, 2, 5),
(4606, 466, 8, 0, 3, 1, 6),
(4607, 467, 2, 0, 3, 2, 7),
(4608, 468, 5, 0, 2, 2, 8),
(4609, 469, 3, 0, 7, 2, 9),
(4610, 470, 2, 0, 2, 1, 10),
(4611, 471, 7, 0, 4, 1, 11),
(4612, 472, 9, 0, 5, 2, 12),
(4613, 473, 3, 0, 6, 2, 13),
(4614, 474, 3, 0, 1, 2, 14),
(4615, 475, 7, 0, 7, 1, 15),
(4616, 476, 1, 0, 1, 1, 16),
(4617, 477, 6, 0, 4, 2, 17),
(4618, 478, 1, 0, 1, 2, 18),
(4619, 479, 8, 0, 2, 1, 19),
(4620, 480, 4, 0, 2, 1, 20),
(4621, 481, 4, 0, 6, 1, 21),
(4622, 482, 4, 0, 7, 1, 22),
(4623, 483, 9, 0, 7, 1, 23),
(4624, 484, 0, 0, 7, 2, 24),
(4625, 485, 5, 0, 1, 1, 25),
(4626, 486, 2, 0, 7, 1, 26),
(4627, 487, 9, 0, 1, 1, 27),
(4628, 488, 1, 0, 3, 2, 28),
(4629, 489, 0, 0, 6, 1, 29),
(4630, 490, 9, 0, 2, 1, 30),
(4631, 491, 2, 0, 3, 2, 31),
(4632, 492, 2, 0, 2, 1, 32),
(4633, 493, 7, 0, 7, 1, 33),
(4634, 494, 3, 0, 3, 2, 34),
(4635, 495, 8, 0, 7, 2, 35),
(4636, 496, 8, 0, 6, 1, 36),
(4637, 497, 8, 0, 3, 2, 37),
(4638, 498, 8, 0, 1, 1, 38),
(4639, 499, 8, 0, 7, 1, 39),
(4640, 500, 7, 0, 4, 2, 40),
(4641, 501, 9, 0, 4, 2, 41),
(4642, 502, 2, 0, 7, 1, 42),
(4643, 503, 2, 0, 5, 1, 43),
(4644, 504, 3, 0, 5, 2, 44),
(4645, 505, 7, 0, 7, 1, 45),
(4646, 506, 7, 0, 2, 1, 46),
(4647, 507, 4, 0, 7, 1, 47),
(4648, 508, 4, 0, 7, 2, 48),
(4649, 509, 5, 0, 6, 1, 49),
(4650, 510, 9, 0, 1, 1, 50),
(4651, 511, 9, 0, 4, 1, 51),
(4652, 512, 5, 0, 6, 2, 52),
(4653, 513, 9, 0, 2, 1, 53),
(4654, 514, 9, 0, 6, 1, 54),
(4655, 515, 7, 0, 2, 1, 55),
(4656, 516, 2, 0, 6, 1, 56),
(4657, 517, 1, 0, 3, 1, 57),
(4658, 518, 0, 0, 3, 1, 58),
(4659, 519, 1, 0, 4, 2, 59),
(4660, 520, 6, 0, 3, 2, 60),
(4661, 521, 2, 0, 4, 2, 61),
(4662, 522, 0, 0, 7, 2, 62),
(4663, 523, 1, 0, 7, 2, 63),
(4664, 524, 6, 0, 1, 2, 64),
(4665, 525, 6, 0, 6, 2, 65),
(4666, 526, 9, 0, 7, 1, 66),
(4667, 527, 8, 0, 1, 2, 67),
(4668, 528, 9, 0, 7, 2, 68),
(4669, 529, 8, 0, 6, 1, 69),
(4670, 530, 5, 0, 2, 2, 70),
(4671, 531, 5, 0, 2, 1, 71),
(4672, 532, 7, 0, 6, 1, 72),
(4673, 533, 3, 0, 6, 1, 73),
(4674, 534, 0, 0, 7, 2, 74),
(4675, 535, 4, 0, 5, 2, 75),
(4676, 536, 7, 0, 5, 1, 76),
(4677, 537, 2, 0, 1, 2, 77),
(4678, 538, 0, 0, 3, 1, 78),
(4679, 539, 5, 0, 4, 2, 79),
(4680, 540, 5, 0, 2, 1, 80),
(4681, 541, 6, 0, 3, 1, 81),
(4682, 542, 7, 0, 7, 2, 82),
(4683, 543, 6, 0, 1, 1, 83),
(4684, 544, 5, 0, 3, 1, 84),
(4685, 545, 4, 0, 1, 1, 85),
(4686, 546, 5, 0, 7, 1, 86),
(4687, 547, 7, 0, 6, 2, 87),
(4688, 548, 2, 0, 7, 1, 88),
(4689, 549, 9, 0, 3, 1, 89),
(4690, 550, 5, 0, 5, 1, 90),
(4691, 551, 6, 0, 7, 1, 91),
(4692, 552, 2, 0, 2, 2, 92),
(4693, 553, 9, 0, 1, 2, 93),
(4694, 554, 2, 0, 2, 2, 94),
(4695, 555, 9, 0, 7, 2, 95),
(4696, 556, 1, 0, 7, 2, 96),
(4697, 557, 6, 0, 6, 2, 97),
(4698, 558, 2, 0, 3, 1, 98),
(4699, 559, 2, 0, 7, 1, 99),
(4700, 560, 7, 0, 6, 2, 100),
(4701, 561, 8, 0, 6, 2, 101),
(4702, 562, 4, 0, 5, 2, 102),
(4703, 563, 6, 0, 7, 1, 103),
(4704, 564, 6, 0, 2, 2, 104),
(4705, 565, 0, 0, 6, 2, 105),
(4706, 566, 9, 0, 6, 2, 106),
(4707, 567, 9, 0, 1, 1, 107),
(4708, 568, 3, 0, 5, 2, 108),
(4709, 569, 0, 0, 3, 1, 109),
(4710, 570, 2, 0, 6, 1, 110),
(4711, 571, 1, 0, 7, 1, 111),
(4712, 572, 8, 0, 2, 1, 112),
(4713, 573, 3, 0, 2, 1, 113),
(4714, 574, 4, 0, 2, 2, 114),
(4715, 575, 5, 0, 2, 2, 115),
(4716, 576, 2, 0, 5, 2, 116),
(4717, 577, 6, 0, 1, 2, 117),
(4718, 578, 6, 0, 3, 2, 118),
(4719, 579, 3, 0, 4, 1, 119),
(4720, 580, 8, 0, 7, 1, 120),
(4721, 581, 2, 0, 4, 2, 121),
(4722, 582, 2, 0, 5, 2, 122),
(4723, 583, 4, 0, 2, 1, 123),
(4724, 584, 0, 0, 5, 2, 124),
(4725, 585, 3, 0, 1, 1, 125),
(4726, 586, 0, 0, 5, 2, 126),
(4727, 587, 3, 0, 3, 1, 127),
(4728, 588, 4, 0, 4, 1, 128),
(4729, 589, 1, 0, 6, 1, 129),
(4730, 590, 3, 0, 5, 2, 130),
(4731, 591, 8, 0, 3, 2, 131),
(4732, 592, 4, 0, 2, 1, 132),
(4733, 593, 7, 0, 4, 1, 133),
(4734, 594, 2, 0, 1, 1, 134),
(4735, 595, 3, 0, 3, 2, 135),
(4736, 596, 5, 0, 1, 2, 136),
(4737, 597, 8, 0, 6, 2, 137),
(4738, 598, 9, 0, 2, 1, 138),
(4739, 599, 8, 0, 2, 2, 139),
(4740, 600, 4, 0, 5, 1, 140),
(4741, 601, 5, 0, 7, 1, 141),
(4742, 602, 6, 0, 6, 2, 142),
(4743, 603, 7, 0, 2, 2, 143),
(4744, 604, 0, 0, 6, 1, 144),
(4745, 605, 8, 0, 7, 2, 145),
(4746, 606, 1, 0, 5, 2, 146),
(4747, 607, 3, 0, 1, 2, 147),
(4748, 608, 6, 0, 1, 1, 148),
(4749, 609, 5, 0, 2, 2, 149),
(4750, 610, 3, 0, 7, 2, 150),
(4751, 611, 7, 0, 7, 1, 151),
(4752, 612, 1, 0, 2, 1, 152),
(4753, 613, 4, 0, 6, 1, 153),
(4754, 614, 1, 0, 7, 1, 154),
(4755, 615, 8, 0, 6, 2, 155),
(4756, 616, 1, 0, 3, 1, 156),
(4757, 617, 0, 0, 1, 1, 157),
(4758, 618, 2, 0, 4, 1, 158),
(4759, 619, 9, 0, 3, 2, 159),
(4760, 620, 1, 0, 5, 1, 160),
(4761, 621, 6, 0, 3, 2, 161),
(4762, 622, 8, 0, 6, 1, 162),
(4763, 623, 5, 0, 7, 1, 163),
(4764, 624, 6, 0, 4, 1, 164),
(4765, 625, 4, 0, 1, 1, 165),
(4766, 626, 0, 0, 1, 2, 166),
(4767, 627, 7, 0, 1, 1, 167),
(4768, 628, 7, 0, 3, 1, 168),
(4769, 629, 9, 0, 7, 2, 169),
(4770, 630, 3, 0, 5, 1, 170),
(4771, 631, 3, 0, 2, 1, 171),
(4772, 632, 5, 0, 1, 2, 172),
(4773, 633, 8, 0, 6, 2, 173),
(4774, 634, 7, 0, 6, 2, 174),
(4775, 635, 6, 0, 1, 2, 175),
(4776, 636, 3, 0, 2, 1, 176),
(4777, 637, 1, 0, 7, 1, 177),
(4778, 638, 8, 0, 5, 1, 178),
(4779, 639, 3, 0, 5, 2, 179),
(4780, 640, 0, 0, 2, 2, 180),
(4781, 641, 8, 0, 2, 1, 181),
(4782, 642, 7, 0, 4, 1, 182),
(4783, 643, 7, 0, 7, 1, 183),
(4784, 644, 0, 0, 2, 1, 184),
(4785, 645, 4, 0, 4, 1, 185),
(4786, 646, 1, 0, 1, 1, 186),
(4787, 647, 4, 0, 5, 1, 187),
(4788, 648, 6, 0, 6, 2, 188),
(4789, 649, 5, 0, 4, 2, 189),
(4790, 650, 3, 0, 7, 1, 190),
(4791, 651, 3, 0, 3, 1, 191),
(4792, 652, 0, 0, 4, 1, 192),
(4793, 653, 3, 0, 5, 2, 193),
(4794, 654, 0, 0, 2, 1, 194),
(4795, 655, 9, 0, 2, 2, 195),
(4796, 656, 6, 0, 5, 2, 196),
(4797, 657, 9, 0, 5, 2, 197),
(4798, 658, 1, 0, 4, 2, 198),
(4799, 659, 0, 0, 2, 1, 199),
(4800, 660, 4, 0, 2, 2, 200),
(4801, 661, 3, 0, 2, 1, 201),
(4802, 662, 3, 0, 2, 2, 202),
(4803, 663, 6, 0, 3, 2, 203),
(4804, 664, 3, 0, 2, 2, 204),
(4805, 665, 8, 0, 1, 1, 205),
(4806, 666, 0, 0, 4, 1, 206),
(4807, 667, 0, 0, 3, 2, 207),
(4808, 668, 7, 0, 7, 2, 208),
(4809, 669, 1, 0, 6, 2, 209),
(4810, 670, 0, 0, 1, 2, 210),
(4811, 671, 9, 0, 2, 2, 211),
(4812, 672, 2, 0, 1, 2, 212),
(4813, 673, 9, 0, 2, 1, 213),
(4814, 674, 3, 0, 5, 1, 214),
(4815, 675, 4, 0, 4, 1, 215),
(4816, 676, 3, 0, 7, 2, 216),
(4817, 677, 7, 0, 3, 1, 217),
(4818, 678, 9, 0, 7, 2, 218),
(4819, 679, 3, 0, 5, 2, 219),
(4820, 680, 5, 0, 3, 1, 220),
(4821, 681, 7, 0, 5, 2, 221),
(4822, 682, 5, 0, 6, 1, 222),
(4823, 683, 8, 0, 4, 2, 223),
(4824, 684, 9, 0, 1, 2, 224),
(4825, 685, 0, 0, 1, 1, 225),
(4826, 686, 9, 0, 6, 1, 226),
(4827, 687, 5, 0, 7, 1, 227),
(4828, 688, 8, 0, 4, 2, 228),
(4829, 689, 6, 0, 1, 1, 229),
(4830, 690, 8, 0, 7, 2, 230),
(4831, 691, 2, 0, 7, 2, 231),
(4832, 692, 1, 0, 2, 2, 232),
(4833, 693, 4, 0, 3, 2, 233),
(4834, 694, 0, 0, 2, 1, 234),
(4835, 695, 1, 0, 4, 2, 235),
(4836, 696, 5, 0, 4, 2, 236),
(4837, 697, 6, 0, 2, 1, 237),
(4838, 698, 8, 0, 2, 2, 238),
(4839, 699, 6, 0, 5, 2, 239),
(4840, 700, 9, 0, 6, 1, 240),
(4841, 701, 3, 0, 5, 2, 241),
(4842, 702, 5, 0, 4, 1, 242),
(4843, 703, 4, 0, 2, 1, 243),
(4844, 704, 0, 0, 5, 1, 244),
(4845, 705, 3, 0, 7, 2, 245),
(4846, 706, 5, 0, 4, 1, 246),
(4847, 707, 5, 0, 7, 1, 247),
(4848, 708, 2, 0, 2, 1, 248),
(4849, 709, 4, 0, 3, 1, 249),
(4850, 710, 6, 0, 3, 1, 250),
(4851, 711, 2, 0, 6, 1, 251),
(4852, 712, 4, 0, 2, 1, 252),
(4853, 713, 7, 0, 4, 1, 253),
(4854, 714, 4, 0, 3, 2, 254),
(4855, 715, 0, 0, 1, 2, 255),
(4856, 716, 8, 0, 2, 1, 256),
(4857, 717, 3, 0, 1, 2, 257),
(4858, 718, 2, 0, 5, 1, 258),
(4859, 719, 0, 0, 5, 2, 259),
(4860, 720, 6, 0, 2, 2, 260),
(4861, 721, 2, 0, 2, 1, 261),
(4862, 722, 7, 0, 5, 1, 262),
(4863, 723, 1, 0, 1, 2, 263),
(4864, 724, 5, 0, 4, 2, 264),
(4865, 725, 9, 0, 2, 2, 265),
(4866, 726, 6, 0, 1, 1, 266),
(4867, 727, 8, 0, 3, 2, 267),
(4868, 728, 9, 0, 2, 2, 268),
(4869, 729, 1, 0, 6, 1, 269),
(4870, 730, 0, 0, 4, 1, 270),
(4871, 731, 5, 0, 6, 2, 271),
(4872, 732, 0, 0, 1, 1, 272),
(4873, 733, 8, 0, 4, 1, 273),
(4874, 734, 0, 0, 6, 1, 274),
(4875, 735, 6, 0, 1, 1, 275),
(4876, 736, 1, 0, 5, 2, 276),
(4877, 737, 1, 0, 4, 2, 277),
(4878, 738, 5, 0, 6, 2, 278),
(4879, 739, 0, 0, 2, 2, 279),
(4880, 740, 9, 0, 1, 1, 280),
(4881, 741, 9, 0, 4, 1, 281),
(4882, 742, 1, 0, 3, 1, 282),
(4883, 743, 2, 0, 6, 2, 283),
(4884, 744, 5, 0, 7, 1, 284),
(4885, 745, 7, 0, 4, 1, 285),
(4886, 746, 8, 0, 7, 1, 286),
(4887, 747, 3, 0, 2, 2, 287),
(4888, 748, 8, 0, 7, 2, 288),
(4889, 749, 3, 0, 1, 2, 289),
(4890, 750, 0, 0, 7, 2, 290),
(4891, 751, 2, 0, 4, 2, 291),
(4892, 752, 8, 0, 4, 1, 292),
(4893, 753, 1, 0, 5, 1, 293),
(4894, 754, 3, 0, 5, 1, 294),
(4895, 755, 2, 0, 7, 1, 295),
(4896, 756, 4, 0, 3, 2, 296),
(4897, 757, 5, 0, 5, 2, 297),
(4898, 758, 3, 0, 6, 1, 298),
(4899, 759, 8, 0, 2, 1, 299),
(4900, 760, 7, 0, 7, 2, 300),
(4901, 761, 0, 0, 1, 2, 301),
(4902, 762, 8, 0, 4, 2, 302),
(4903, 763, 1, 0, 7, 2, 303),
(4904, 764, 0, 0, 2, 2, 304),
(4905, 765, 5, 0, 4, 2, 305),
(4906, 766, 8, 0, 3, 1, 306),
(4907, 767, 9, 0, 7, 2, 307),
(4908, 768, 6, 0, 2, 1, 308),
(4909, 769, 8, 0, 2, 2, 309),
(4910, 770, 3, 0, 4, 1, 310),
(4911, 771, 8, 0, 4, 2, 311),
(4912, 772, 3, 0, 4, 2, 312),
(4913, 773, 7, 0, 3, 2, 313),
(4914, 774, 0, 0, 7, 2, 314),
(4915, 775, 5, 0, 7, 2, 315),
(4916, 776, 0, 0, 4, 2, 316),
(4917, 777, 2, 0, 2, 1, 317),
(4918, 778, 0, 0, 6, 1, 318),
(4919, 779, 6, 0, 3, 2, 319),
(4920, 780, 3, 0, 6, 2, 320),
(4921, 781, 6, 0, 5, 2, 321),
(4922, 782, 7, 0, 6, 2, 322),
(4923, 783, 5, 0, 1, 2, 323),
(4924, 784, 3, 0, 2, 1, 324),
(4925, 785, 2, 0, 1, 1, 325),
(4926, 786, 3, 0, 6, 1, 326),
(4927, 787, 1, 0, 1, 2, 327),
(4928, 788, 2, 0, 2, 2, 328),
(4929, 789, 7, 0, 1, 2, 329),
(4930, 790, 8, 0, 5, 2, 330),
(4931, 791, 1, 0, 5, 2, 331),
(4932, 792, 6, 0, 4, 2, 332),
(4933, 793, 3, 0, 7, 2, 333),
(4934, 794, 7, 0, 6, 2, 334),
(4935, 795, 0, 0, 5, 2, 335),
(4936, 796, 5, 0, 7, 2, 336),
(4937, 797, 5, 0, 5, 1, 337),
(4938, 798, 3, 0, 2, 1, 338),
(4939, 799, 9, 0, 3, 2, 339),
(4940, 800, 3, 0, 7, 1, 340),
(4941, 801, 8, 0, 7, 2, 341),
(4942, 802, 3, 0, 6, 2, 342),
(4943, 803, 1, 0, 5, 1, 343),
(4944, 804, 4, 0, 4, 2, 344),
(4945, 805, 2, 0, 5, 1, 345),
(4946, 806, 7, 0, 2, 2, 346),
(4947, 807, 8, 0, 7, 2, 347),
(4948, 808, 5, 0, 7, 1, 348),
(4949, 809, 4, 0, 6, 2, 349),
(4950, 810, 7, 0, 6, 1, 350),
(4951, 811, 2, 0, 6, 2, 351),
(4952, 812, 7, 0, 2, 1, 352),
(4953, 813, 3, 0, 1, 2, 353),
(4954, 814, 1, 0, 4, 1, 354),
(4955, 815, 3, 0, 5, 1, 355),
(4956, 816, 8, 0, 4, 2, 356),
(4957, 817, 3, 0, 5, 1, 357),
(4958, 818, 8, 0, 6, 2, 358),
(4959, 819, 9, 0, 7, 1, 359),
(4960, 820, 7, 0, 7, 1, 360),
(4961, 821, 4, 0, 2, 2, 361),
(4962, 822, 5, 0, 2, 2, 362),
(4963, 823, 1, 0, 2, 1, 363),
(4964, 824, 0, 0, 3, 1, 364),
(4965, 825, 1, 0, 5, 1, 365),
(4966, 826, 2, 0, 1, 1, 366),
(4967, 827, 5, 0, 1, 2, 367),
(4968, 828, 3, 0, 2, 1, 368),
(4969, 829, 2, 0, 1, 1, 369),
(4970, 830, 9, 0, 5, 1, 370),
(4971, 831, 7, 0, 1, 2, 371),
(4972, 832, 3, 0, 7, 2, 372),
(4973, 833, 7, 0, 5, 2, 373),
(4974, 834, 7, 0, 1, 2, 374),
(4975, 835, 3, 0, 7, 2, 375),
(4976, 836, 5, 0, 1, 2, 376),
(4977, 837, 2, 0, 7, 1, 377),
(4978, 838, 7, 0, 1, 2, 378),
(4979, 839, 4, 0, 2, 2, 379),
(4980, 840, 7, 0, 7, 2, 380),
(4981, 841, 8, 0, 3, 1, 381),
(4982, 842, 6, 0, 7, 2, 382),
(4983, 843, 6, 0, 1, 2, 383),
(4984, 844, 2, 0, 5, 1, 384),
(4985, 845, 8, 0, 1, 2, 385),
(4986, 846, 3, 0, 6, 1, 386),
(4987, 847, 9, 0, 1, 2, 387),
(4988, 848, 2, 0, 1, 2, 388),
(4989, 849, 4, 0, 4, 1, 389),
(4990, 850, 3, 0, 3, 2, 390),
(4991, 851, 5, 0, 3, 1, 391),
(4992, 852, 2, 0, 6, 2, 392),
(4993, 853, 7, 0, 6, 2, 393),
(4994, 854, 2, 0, 7, 1, 394),
(4995, 855, 4, 0, 7, 2, 395),
(4996, 856, 1, 0, 3, 1, 396),
(4997, 857, 6, 0, 4, 1, 397),
(4998, 858, 4, 0, 4, 2, 398),
(4999, 859, 3, 0, 3, 2, 399),
(5000, 860, 1, 0, 7, 2, 400),
(5001, 861, 6, 0, 5, 1, 401),
(5002, 862, 3, 0, 2, 1, 402),
(5003, 863, 6, 0, 3, 2, 403),
(5004, 864, 1, 0, 2, 2, 404),
(5005, 865, 3, 0, 5, 2, 405),
(5006, 866, 9, 0, 5, 2, 406),
(5007, 867, 5, 0, 3, 1, 407),
(5008, 868, 7, 0, 7, 2, 408),
(5009, 869, 9, 0, 7, 1, 409),
(5010, 870, 6, 0, 1, 1, 410),
(5011, 871, 8, 0, 4, 2, 411),
(5012, 872, 0, 0, 1, 2, 412),
(5013, 873, 5, 0, 2, 2, 413),
(5014, 874, 3, 0, 3, 2, 414),
(5015, 875, 3, 0, 5, 2, 415),
(5016, 876, 2, 0, 5, 2, 416),
(5017, 877, 8, 0, 1, 1, 417),
(5018, 878, 6, 0, 4, 1, 418),
(5019, 879, 0, 0, 3, 2, 419),
(5020, 880, 0, 0, 4, 2, 420),
(5021, 881, 9, 0, 5, 1, 421),
(5022, 882, 1, 0, 7, 2, 422),
(5023, 883, 3, 0, 6, 2, 423),
(5024, 884, 8, 0, 1, 2, 424),
(5025, 885, 5, 0, 5, 2, 425),
(5026, 886, 6, 0, 5, 1, 426),
(5027, 887, 2, 0, 3, 2, 427),
(5028, 888, 7, 0, 2, 1, 428),
(5029, 889, 5, 0, 6, 1, 429),
(5030, 890, 5, 0, 3, 1, 430),
(5031, 891, 3, 0, 5, 2, 431),
(5032, 892, 3, 0, 1, 2, 432),
(5033, 893, 0, 0, 6, 1, 433),
(5034, 894, 7, 0, 3, 2, 434),
(5035, 895, 0, 0, 2, 1, 435),
(5036, 896, 4, 0, 5, 1, 436),
(5037, 897, 8, 0, 7, 1, 437),
(5038, 898, 0, 0, 6, 2, 438),
(5039, 899, 7, 0, 5, 1, 439),
(5040, 900, 9, 0, 4, 1, 440),
(5041, 901, 0, 0, 6, 2, 441),
(5042, 902, 4, 0, 2, 2, 442),
(5043, 903, 5, 0, 6, 1, 443),
(5044, 904, 5, 0, 2, 1, 444),
(5045, 905, 0, 0, 6, 1, 445),
(5046, 906, 0, 0, 7, 1, 446),
(5047, 907, 4, 0, 2, 1, 447),
(5048, 908, 0, 0, 7, 2, 448),
(5049, 909, 8, 0, 1, 2, 449),
(5050, 910, 0, 0, 2, 2, 450),
(5051, 911, 4, 0, 3, 2, 451),
(5052, 912, 6, 0, 5, 1, 452),
(5053, 913, 4, 0, 6, 2, 453),
(5054, 914, 9, 0, 2, 1, 454),
(5055, 915, 1, 0, 2, 2, 455),
(5056, 916, 2, 0, 3, 2, 456),
(5057, 917, 5, 0, 5, 1, 457),
(5058, 918, 4, 0, 4, 1, 458),
(5059, 919, 4, 0, 6, 1, 459),
(5060, 920, 0, 0, 3, 1, 460),
(5061, 461, 9, 0, 3, 1, 1),
(5062, 462, 9, 0, 1, 1, 2),
(5063, 463, 4, 0, 5, 1, 3),
(5064, 464, 5, 0, 5, 1, 4),
(5065, 465, 0, 0, 1, 2, 5),
(5066, 466, 8, 0, 3, 1, 6),
(5067, 467, 2, 0, 3, 2, 7),
(5068, 468, 5, 0, 2, 2, 8),
(5069, 469, 3, 0, 7, 2, 9),
(5070, 470, 2, 0, 2, 1, 10),
(5071, 471, 7, 0, 4, 1, 11),
(5072, 472, 9, 0, 5, 2, 12),
(5073, 473, 3, 0, 6, 2, 13),
(5074, 474, 3, 0, 1, 2, 14),
(5075, 475, 7, 0, 7, 1, 15),
(5076, 476, 1, 0, 1, 1, 16),
(5077, 477, 6, 0, 4, 2, 17),
(5078, 478, 1, 0, 1, 2, 18),
(5079, 479, 8, 0, 2, 1, 19),
(5080, 480, 4, 0, 2, 1, 20),
(5081, 481, 4, 0, 6, 1, 21),
(5082, 482, 4, 0, 7, 1, 22),
(5083, 483, 9, 0, 7, 1, 23),
(5084, 484, 0, 0, 7, 2, 24),
(5085, 485, 5, 0, 1, 1, 25),
(5086, 486, 2, 0, 7, 1, 26),
(5087, 487, 9, 0, 1, 1, 27),
(5088, 488, 1, 0, 3, 2, 28),
(5089, 489, 0, 0, 6, 1, 29),
(5090, 490, 9, 0, 2, 1, 30),
(5091, 491, 2, 0, 3, 2, 31),
(5092, 492, 2, 0, 2, 1, 32),
(5093, 493, 7, 0, 7, 1, 33),
(5094, 494, 3, 0, 3, 2, 34),
(5095, 495, 8, 0, 7, 2, 35),
(5096, 496, 8, 0, 6, 1, 36),
(5097, 497, 8, 0, 3, 2, 37),
(5098, 498, 8, 0, 1, 1, 38),
(5099, 499, 8, 0, 7, 1, 39),
(5100, 500, 7, 0, 4, 2, 40),
(5101, 501, 9, 0, 4, 2, 41),
(5102, 502, 2, 0, 7, 1, 42),
(5103, 503, 2, 0, 5, 1, 43),
(5104, 504, 3, 0, 5, 2, 44),
(5105, 505, 7, 0, 7, 1, 45),
(5106, 506, 7, 0, 2, 1, 46),
(5107, 507, 4, 0, 7, 1, 47),
(5108, 508, 4, 0, 7, 2, 48),
(5109, 509, 5, 0, 6, 1, 49),
(5110, 510, 9, 0, 1, 1, 50),
(5111, 511, 9, 0, 4, 1, 51),
(5112, 512, 5, 0, 6, 2, 52),
(5113, 513, 9, 0, 2, 1, 53),
(5114, 514, 9, 0, 6, 1, 54),
(5115, 515, 7, 0, 2, 1, 55),
(5116, 516, 2, 0, 6, 1, 56),
(5117, 517, 1, 0, 3, 1, 57),
(5118, 518, 0, 0, 3, 1, 58),
(5119, 519, 1, 0, 4, 2, 59),
(5120, 520, 6, 0, 3, 2, 60),
(5121, 521, 2, 0, 4, 2, 61),
(5122, 522, 0, 0, 7, 2, 62),
(5123, 523, 1, 0, 7, 2, 63),
(5124, 524, 6, 0, 1, 2, 64),
(5125, 525, 6, 0, 6, 2, 65),
(5126, 526, 9, 0, 7, 1, 66),
(5127, 527, 8, 0, 1, 2, 67),
(5128, 528, 9, 0, 7, 2, 68),
(5129, 529, 8, 0, 6, 1, 69),
(5130, 530, 5, 0, 2, 2, 70),
(5131, 531, 5, 0, 2, 1, 71),
(5132, 532, 7, 0, 6, 1, 72),
(5133, 533, 3, 0, 6, 1, 73),
(5134, 534, 0, 0, 7, 2, 74),
(5135, 535, 4, 0, 5, 2, 75),
(5136, 536, 7, 0, 5, 1, 76),
(5137, 537, 2, 0, 1, 2, 77),
(5138, 538, 0, 0, 3, 1, 78),
(5139, 539, 5, 0, 4, 2, 79),
(5140, 540, 5, 0, 2, 1, 80),
(5141, 541, 6, 0, 3, 1, 81),
(5142, 542, 7, 0, 7, 2, 82),
(5143, 543, 6, 0, 1, 1, 83),
(5144, 544, 5, 0, 3, 1, 84),
(5145, 545, 4, 0, 1, 1, 85),
(5146, 546, 5, 0, 7, 1, 86),
(5147, 547, 7, 0, 6, 2, 87),
(5148, 548, 2, 0, 7, 1, 88),
(5149, 549, 9, 0, 3, 1, 89),
(5150, 550, 5, 0, 5, 1, 90),
(5151, 551, 6, 0, 7, 1, 91),
(5152, 552, 2, 0, 2, 2, 92),
(5153, 553, 9, 0, 1, 2, 93),
(5154, 554, 2, 0, 2, 2, 94),
(5155, 555, 9, 0, 7, 2, 95),
(5156, 556, 1, 0, 7, 2, 96),
(5157, 557, 6, 0, 6, 2, 97),
(5158, 558, 2, 0, 3, 1, 98),
(5159, 559, 2, 0, 7, 1, 99),
(5160, 560, 7, 0, 6, 2, 100),
(5161, 561, 8, 0, 6, 2, 101),
(5162, 562, 4, 0, 5, 2, 102),
(5163, 563, 6, 0, 7, 1, 103),
(5164, 564, 6, 0, 2, 2, 104),
(5165, 565, 0, 0, 6, 2, 105),
(5166, 566, 9, 0, 6, 2, 106),
(5167, 567, 9, 0, 1, 1, 107),
(5168, 568, 3, 0, 5, 2, 108),
(5169, 569, 0, 0, 3, 1, 109),
(5170, 570, 2, 0, 6, 1, 110),
(5171, 571, 1, 0, 7, 1, 111),
(5172, 572, 8, 0, 2, 1, 112),
(5173, 573, 3, 0, 2, 1, 113),
(5174, 574, 4, 0, 2, 2, 114),
(5175, 575, 5, 0, 2, 2, 115),
(5176, 576, 2, 0, 5, 2, 116),
(5177, 577, 6, 0, 1, 2, 117),
(5178, 578, 6, 0, 3, 2, 118),
(5179, 579, 3, 0, 4, 1, 119),
(5180, 580, 8, 0, 7, 1, 120),
(5181, 581, 2, 0, 4, 2, 121),
(5182, 582, 2, 0, 5, 2, 122),
(5183, 583, 4, 0, 2, 1, 123),
(5184, 584, 0, 0, 5, 2, 124),
(5185, 585, 3, 0, 1, 1, 125),
(5186, 586, 0, 0, 5, 2, 126),
(5187, 587, 3, 0, 3, 1, 127),
(5188, 588, 4, 0, 4, 1, 128),
(5189, 589, 1, 0, 6, 1, 129),
(5190, 590, 3, 0, 5, 2, 130),
(5191, 591, 8, 0, 3, 2, 131),
(5192, 592, 4, 0, 2, 1, 132),
(5193, 593, 7, 0, 4, 1, 133),
(5194, 594, 2, 0, 1, 1, 134),
(5195, 595, 3, 0, 3, 2, 135),
(5196, 596, 5, 0, 1, 2, 136),
(5197, 597, 8, 0, 6, 2, 137),
(5198, 598, 9, 0, 2, 1, 138),
(5199, 599, 8, 0, 2, 2, 139),
(5200, 600, 4, 0, 5, 1, 140),
(5201, 601, 5, 0, 7, 1, 141),
(5202, 602, 6, 0, 6, 2, 142),
(5203, 603, 7, 0, 2, 2, 143),
(5204, 604, 0, 0, 6, 1, 144),
(5205, 605, 8, 0, 7, 2, 145),
(5206, 606, 1, 0, 5, 2, 146),
(5207, 607, 3, 0, 1, 2, 147),
(5208, 608, 6, 0, 1, 1, 148),
(5209, 609, 5, 0, 2, 2, 149),
(5210, 610, 3, 0, 7, 2, 150),
(5211, 611, 7, 0, 7, 1, 151),
(5212, 612, 1, 0, 2, 1, 152),
(5213, 613, 4, 0, 6, 1, 153),
(5214, 614, 1, 0, 7, 1, 154),
(5215, 615, 8, 0, 6, 2, 155),
(5216, 616, 1, 0, 3, 1, 156),
(5217, 617, 0, 0, 1, 1, 157),
(5218, 618, 2, 0, 4, 1, 158),
(5219, 619, 9, 0, 3, 2, 159),
(5220, 620, 1, 0, 5, 1, 160),
(5221, 621, 6, 0, 3, 2, 161),
(5222, 622, 8, 0, 6, 1, 162),
(5223, 623, 5, 0, 7, 1, 163),
(5224, 624, 6, 0, 4, 1, 164),
(5225, 625, 4, 0, 1, 1, 165),
(5226, 626, 0, 0, 1, 2, 166),
(5227, 627, 7, 0, 1, 1, 167),
(5228, 628, 7, 0, 3, 1, 168),
(5229, 629, 9, 0, 7, 2, 169),
(5230, 630, 3, 0, 5, 1, 170),
(5231, 631, 3, 0, 2, 1, 171),
(5232, 632, 5, 0, 1, 2, 172),
(5233, 633, 8, 0, 6, 2, 173),
(5234, 634, 7, 0, 6, 2, 174),
(5235, 635, 6, 0, 1, 2, 175),
(5236, 636, 3, 0, 2, 1, 176),
(5237, 637, 1, 0, 7, 1, 177),
(5238, 638, 8, 0, 5, 1, 178),
(5239, 639, 3, 0, 5, 2, 179),
(5240, 640, 0, 0, 2, 2, 180),
(5241, 641, 8, 0, 2, 1, 181),
(5242, 642, 7, 0, 4, 1, 182),
(5243, 643, 7, 0, 7, 1, 183),
(5244, 644, 0, 0, 2, 1, 184),
(5245, 645, 4, 0, 4, 1, 185),
(5246, 646, 1, 0, 1, 1, 186),
(5247, 647, 4, 0, 5, 1, 187),
(5248, 648, 6, 0, 6, 2, 188),
(5249, 649, 5, 0, 4, 2, 189),
(5250, 650, 3, 0, 7, 1, 190),
(5251, 651, 3, 0, 3, 1, 191),
(5252, 652, 0, 0, 4, 1, 192),
(5253, 653, 3, 0, 5, 2, 193),
(5254, 654, 0, 0, 2, 1, 194),
(5255, 655, 9, 0, 2, 2, 195),
(5256, 656, 6, 0, 5, 2, 196),
(5257, 657, 9, 0, 5, 2, 197),
(5258, 658, 1, 0, 4, 2, 198),
(5259, 659, 0, 0, 2, 1, 199),
(5260, 660, 4, 0, 2, 2, 200),
(5261, 661, 3, 0, 2, 1, 201),
(5262, 662, 3, 0, 2, 2, 202),
(5263, 663, 6, 0, 3, 2, 203),
(5264, 664, 3, 0, 2, 2, 204),
(5265, 665, 8, 0, 1, 1, 205),
(5266, 666, 0, 0, 4, 1, 206),
(5267, 667, 0, 0, 3, 2, 207),
(5268, 668, 7, 0, 7, 2, 208),
(5269, 669, 1, 0, 6, 2, 209),
(5270, 670, 0, 0, 1, 2, 210),
(5271, 671, 9, 0, 2, 2, 211),
(5272, 672, 2, 0, 1, 2, 212),
(5273, 673, 9, 0, 2, 1, 213),
(5274, 674, 3, 0, 5, 1, 214),
(5275, 675, 4, 0, 4, 1, 215),
(5276, 676, 3, 0, 7, 2, 216),
(5277, 677, 7, 0, 3, 1, 217),
(5278, 678, 9, 0, 7, 2, 218),
(5279, 679, 3, 0, 5, 2, 219),
(5280, 680, 5, 0, 3, 1, 220),
(5281, 681, 7, 0, 5, 2, 221),
(5282, 682, 5, 0, 6, 1, 222),
(5283, 683, 8, 0, 4, 2, 223),
(5284, 684, 9, 0, 1, 2, 224),
(5285, 685, 0, 0, 1, 1, 225),
(5286, 686, 9, 0, 6, 1, 226),
(5287, 687, 5, 0, 7, 1, 227),
(5288, 688, 8, 0, 4, 2, 228),
(5289, 689, 6, 0, 1, 1, 229),
(5290, 690, 8, 0, 7, 2, 230),
(5291, 691, 2, 0, 7, 2, 231),
(5292, 692, 1, 0, 2, 2, 232),
(5293, 693, 4, 0, 3, 2, 233),
(5294, 694, 0, 0, 2, 1, 234),
(5295, 695, 1, 0, 4, 2, 235),
(5296, 696, 5, 0, 4, 2, 236),
(5297, 697, 6, 0, 2, 1, 237),
(5298, 698, 8, 0, 2, 2, 238),
(5299, 699, 6, 0, 5, 2, 239),
(5300, 700, 9, 0, 6, 1, 240),
(5301, 701, 3, 0, 5, 2, 241),
(5302, 702, 5, 0, 4, 1, 242),
(5303, 703, 4, 0, 2, 1, 243),
(5304, 704, 0, 0, 5, 1, 244),
(5305, 705, 3, 0, 7, 2, 245),
(5306, 706, 5, 0, 4, 1, 246),
(5307, 707, 5, 0, 7, 1, 247),
(5308, 708, 2, 0, 2, 1, 248),
(5309, 709, 4, 0, 3, 1, 249),
(5310, 710, 6, 0, 3, 1, 250),
(5311, 711, 2, 0, 6, 1, 251),
(5312, 712, 4, 0, 2, 1, 252),
(5313, 713, 7, 0, 4, 1, 253),
(5314, 714, 4, 0, 3, 2, 254),
(5315, 715, 0, 0, 1, 2, 255),
(5316, 716, 8, 0, 2, 1, 256),
(5317, 717, 3, 0, 1, 2, 257),
(5318, 718, 2, 0, 5, 1, 258),
(5319, 719, 0, 0, 5, 2, 259),
(5320, 720, 6, 0, 2, 2, 260),
(5321, 721, 2, 0, 2, 1, 261),
(5322, 722, 7, 0, 5, 1, 262),
(5323, 723, 1, 0, 1, 2, 263),
(5324, 724, 5, 0, 4, 2, 264),
(5325, 725, 9, 0, 2, 2, 265),
(5326, 726, 6, 0, 1, 1, 266),
(5327, 727, 8, 0, 3, 2, 267),
(5328, 728, 9, 0, 2, 2, 268),
(5329, 729, 1, 0, 6, 1, 269),
(5330, 730, 0, 0, 4, 1, 270),
(5331, 731, 5, 0, 6, 2, 271),
(5332, 732, 0, 0, 1, 1, 272),
(5333, 733, 8, 0, 4, 1, 273),
(5334, 734, 0, 0, 6, 1, 274),
(5335, 735, 6, 0, 1, 1, 275),
(5336, 736, 1, 0, 5, 2, 276),
(5337, 737, 1, 0, 4, 2, 277),
(5338, 738, 5, 0, 6, 2, 278),
(5339, 739, 0, 0, 2, 2, 279),
(5340, 740, 9, 0, 1, 1, 280),
(5341, 741, 9, 0, 4, 1, 281),
(5342, 742, 1, 0, 3, 1, 282),
(5343, 743, 2, 0, 6, 2, 283),
(5344, 744, 5, 0, 7, 1, 284),
(5345, 745, 7, 0, 4, 1, 285),
(5346, 746, 8, 0, 7, 1, 286),
(5347, 747, 3, 0, 2, 2, 287),
(5348, 748, 8, 0, 7, 2, 288),
(5349, 749, 3, 0, 1, 2, 289),
(5350, 750, 0, 0, 7, 2, 290),
(5351, 751, 2, 0, 4, 2, 291),
(5352, 752, 8, 0, 4, 1, 292),
(5353, 753, 1, 0, 5, 1, 293),
(5354, 754, 3, 0, 5, 1, 294),
(5355, 755, 2, 0, 7, 1, 295),
(5356, 756, 4, 0, 3, 2, 296),
(5357, 757, 5, 0, 5, 2, 297),
(5358, 758, 3, 0, 6, 1, 298),
(5359, 759, 8, 0, 2, 1, 299),
(5360, 760, 7, 0, 7, 2, 300),
(5361, 761, 0, 0, 1, 2, 301),
(5362, 762, 8, 0, 4, 2, 302),
(5363, 763, 1, 0, 7, 2, 303),
(5364, 764, 0, 0, 2, 2, 304),
(5365, 765, 5, 0, 4, 2, 305),
(5366, 766, 8, 0, 3, 1, 306),
(5367, 767, 9, 0, 7, 2, 307),
(5368, 768, 6, 0, 2, 1, 308),
(5369, 769, 8, 0, 2, 2, 309),
(5370, 770, 3, 0, 4, 1, 310),
(5371, 771, 8, 0, 4, 2, 311),
(5372, 772, 3, 0, 4, 2, 312),
(5373, 773, 7, 0, 3, 2, 313),
(5374, 774, 0, 0, 7, 2, 314),
(5375, 775, 5, 0, 7, 2, 315),
(5376, 776, 0, 0, 4, 2, 316),
(5377, 777, 2, 0, 2, 1, 317),
(5378, 778, 0, 0, 6, 1, 318),
(5379, 779, 6, 0, 3, 2, 319),
(5380, 780, 3, 0, 6, 2, 320),
(5381, 781, 6, 0, 5, 2, 321),
(5382, 782, 7, 0, 6, 2, 322),
(5383, 783, 5, 0, 1, 2, 323),
(5384, 784, 3, 0, 2, 1, 324),
(5385, 785, 2, 0, 1, 1, 325),
(5386, 786, 3, 0, 6, 1, 326),
(5387, 787, 1, 0, 1, 2, 327),
(5388, 788, 2, 0, 2, 2, 328),
(5389, 789, 7, 0, 1, 2, 329),
(5390, 790, 8, 0, 5, 2, 330),
(5391, 791, 1, 0, 5, 2, 331),
(5392, 792, 6, 0, 4, 2, 332),
(5393, 793, 3, 0, 7, 2, 333),
(5394, 794, 7, 0, 6, 2, 334),
(5395, 795, 0, 0, 5, 2, 335),
(5396, 796, 5, 0, 7, 2, 336),
(5397, 797, 5, 0, 5, 1, 337),
(5398, 798, 3, 0, 2, 1, 338),
(5399, 799, 9, 0, 3, 2, 339),
(5400, 800, 3, 0, 7, 1, 340),
(5401, 801, 8, 0, 7, 2, 341),
(5402, 802, 3, 0, 6, 2, 342),
(5403, 803, 1, 0, 5, 1, 343),
(5404, 804, 4, 0, 4, 2, 344),
(5405, 805, 2, 0, 5, 1, 345),
(5406, 806, 7, 0, 2, 2, 346),
(5407, 807, 8, 0, 7, 2, 347),
(5408, 808, 5, 0, 7, 1, 348),
(5409, 809, 4, 0, 6, 2, 349),
(5410, 810, 7, 0, 6, 1, 350),
(5411, 811, 2, 0, 6, 2, 351),
(5412, 812, 7, 0, 2, 1, 352),
(5413, 813, 3, 0, 1, 2, 353),
(5414, 814, 1, 0, 4, 1, 354),
(5415, 815, 3, 0, 5, 1, 355),
(5416, 816, 8, 0, 4, 2, 356),
(5417, 817, 3, 0, 5, 1, 357),
(5418, 818, 8, 0, 6, 2, 358),
(5419, 819, 9, 0, 7, 1, 359),
(5420, 820, 7, 0, 7, 1, 360),
(5421, 821, 4, 0, 2, 2, 361),
(5422, 822, 5, 0, 2, 2, 362),
(5423, 823, 1, 0, 2, 1, 363),
(5424, 824, 0, 0, 3, 1, 364),
(5425, 825, 1, 0, 5, 1, 365),
(5426, 826, 2, 0, 1, 1, 366),
(5427, 827, 5, 0, 1, 2, 367),
(5428, 828, 3, 0, 2, 1, 368),
(5429, 829, 2, 0, 1, 1, 369),
(5430, 830, 9, 0, 5, 1, 370),
(5431, 831, 7, 0, 1, 2, 371),
(5432, 832, 3, 0, 7, 2, 372),
(5433, 833, 7, 0, 5, 2, 373),
(5434, 834, 7, 0, 1, 2, 374),
(5435, 835, 3, 0, 7, 2, 375),
(5436, 836, 5, 0, 1, 2, 376),
(5437, 837, 2, 0, 7, 1, 377),
(5438, 838, 7, 0, 1, 2, 378),
(5439, 839, 4, 0, 2, 2, 379),
(5440, 840, 7, 0, 7, 2, 380),
(5441, 841, 8, 0, 3, 1, 381),
(5442, 842, 6, 0, 7, 2, 382),
(5443, 843, 6, 0, 1, 2, 383),
(5444, 844, 2, 0, 5, 1, 384),
(5445, 845, 8, 0, 1, 2, 385),
(5446, 846, 3, 0, 6, 1, 386),
(5447, 847, 9, 0, 1, 2, 387),
(5448, 848, 2, 0, 1, 2, 388),
(5449, 849, 4, 0, 4, 1, 389),
(5450, 850, 3, 0, 3, 2, 390),
(5451, 851, 5, 0, 3, 1, 391),
(5452, 852, 2, 0, 6, 2, 392),
(5453, 853, 7, 0, 6, 2, 393);
INSERT INTO `end` (`arrowNo`, `endNo`, `pointsNo`, `center`, `distanceID`, `targetFaceID`, `rangeNo`) VALUES
(5454, 854, 2, 0, 7, 1, 394),
(5455, 855, 4, 0, 7, 2, 395),
(5456, 856, 1, 0, 3, 1, 396),
(5457, 857, 6, 0, 4, 1, 397),
(5458, 858, 4, 0, 4, 2, 398),
(5459, 859, 3, 0, 3, 2, 399),
(5460, 860, 1, 0, 7, 2, 400),
(5461, 861, 6, 0, 5, 1, 401),
(5462, 862, 3, 0, 2, 1, 402),
(5463, 863, 6, 0, 3, 2, 403),
(5464, 864, 1, 0, 2, 2, 404),
(5465, 865, 3, 0, 5, 2, 405),
(5466, 866, 9, 0, 5, 2, 406),
(5467, 867, 5, 0, 3, 1, 407),
(5468, 868, 7, 0, 7, 2, 408),
(5469, 869, 9, 0, 7, 1, 409),
(5470, 870, 6, 0, 1, 1, 410),
(5471, 871, 8, 0, 4, 2, 411),
(5472, 872, 0, 0, 1, 2, 412),
(5473, 873, 5, 0, 2, 2, 413),
(5474, 874, 3, 0, 3, 2, 414),
(5475, 875, 3, 0, 5, 2, 415),
(5476, 876, 2, 0, 5, 2, 416),
(5477, 877, 8, 0, 1, 1, 417),
(5478, 878, 6, 0, 4, 1, 418),
(5479, 879, 0, 0, 3, 2, 419),
(5480, 880, 0, 0, 4, 2, 420),
(5481, 881, 9, 0, 5, 1, 421),
(5482, 882, 1, 0, 7, 2, 422),
(5483, 883, 3, 0, 6, 2, 423),
(5484, 884, 8, 0, 1, 2, 424),
(5485, 885, 5, 0, 5, 2, 425),
(5486, 886, 6, 0, 5, 1, 426),
(5487, 887, 2, 0, 3, 2, 427),
(5488, 888, 7, 0, 2, 1, 428),
(5489, 889, 5, 0, 6, 1, 429),
(5490, 890, 5, 0, 3, 1, 430),
(5491, 891, 3, 0, 5, 2, 431),
(5492, 892, 3, 0, 1, 2, 432),
(5493, 893, 0, 0, 6, 1, 433),
(5494, 894, 7, 0, 3, 2, 434),
(5495, 895, 0, 0, 2, 1, 435),
(5496, 896, 4, 0, 5, 1, 436),
(5497, 897, 8, 0, 7, 1, 437),
(5498, 898, 0, 0, 6, 2, 438),
(5499, 899, 7, 0, 5, 1, 439),
(5500, 900, 9, 0, 4, 1, 440),
(5501, 901, 0, 0, 6, 2, 441),
(5502, 902, 4, 0, 2, 2, 442),
(5503, 903, 5, 0, 6, 1, 443),
(5504, 904, 5, 0, 2, 1, 444),
(5505, 905, 0, 0, 6, 1, 445),
(5506, 906, 0, 0, 7, 1, 446),
(5507, 907, 4, 0, 2, 1, 447),
(5508, 908, 0, 0, 7, 2, 448),
(5509, 909, 8, 0, 1, 2, 449),
(5510, 910, 0, 0, 2, 2, 450),
(5511, 911, 4, 0, 3, 2, 451),
(5512, 912, 6, 0, 5, 1, 452),
(5513, 913, 4, 0, 6, 2, 453),
(5514, 914, 9, 0, 2, 1, 454),
(5515, 915, 1, 0, 2, 2, 455),
(5516, 916, 2, 0, 3, 2, 456),
(5517, 917, 5, 0, 5, 1, 457),
(5518, 918, 4, 0, 4, 1, 458),
(5519, 919, 4, 0, 6, 1, 459),
(5520, 920, 0, 0, 3, 1, 460);

-- --------------------------------------------------------

--
-- Table structure for table `equivalence`
--

CREATE TABLE `equivalence` (
  `indexID` int(11) NOT NULL,
  `equivalenceID` int(11) NOT NULL,
  `roundID` int(11) NOT NULL,
  `categoryID` int(11) NOT NULL
) ENGINE=InnoDB DEFAULT CHARSET=latin1 COLLATE=latin1_swedish_ci;

--
-- Dumping data for table `equivalence`
--

INSERT INTO `equivalence` (`indexID`, `equivalenceID`, `roundID`, `categoryID`) VALUES
(1, 1, 2, 1),
(2, 1, 2, 2),
(3, 1, 3, 3),
(4, 1, 3, 4),
(5, 1, 4, 5),
(8, 1, 1, 5),
(9, 1, 1, 6),
(10, 1, 2, 8),
(11, 1, 2, 9),
(12, 1, 3, 10),
(13, 1, 2, 16),
(14, 1, 2, 17),
(15, 1, 3, 18),
(16, 1, 3, 19),
(17, 1, 4, 20),
(18, 1, 3, 11),
(19, 1, 3, 13),
(20, 1, 3, 12),
(21, 1, 3, 14),
(22, 1, 4, 15);

-- --------------------------------------------------------

--
-- Table structure for table `gender_lookup`
--

CREATE TABLE `gender_lookup` (
  `genderID` int(11) NOT NULL,
  `gender` varchar(25) NOT NULL
) ENGINE=InnoDB DEFAULT CHARSET=latin1 COLLATE=latin1_swedish_ci;

--
-- Dumping data for table `gender_lookup`
--

INSERT INTO `gender_lookup` (`genderID`, `gender`) VALUES
(1, 'Male'),
(2, 'Female');

-- --------------------------------------------------------

--
-- Table structure for table `range`
--

CREATE TABLE `range` (
  `rangeNo` int(11) NOT NULL,
  `roundNo` int(11) NOT NULL
) ENGINE=InnoDB DEFAULT CHARSET=latin1 COLLATE=latin1_swedish_ci;

--
-- Dumping data for table `range`
--

INSERT INTO `range` (`rangeNo`, `roundNo`) VALUES
(1, 1),
(116, 1),
(231, 1),
(346, 1),
(2, 2),
(117, 2),
(232, 2),
(347, 2),
(3, 3),
(118, 3),
(233, 3),
(348, 3),
(4, 4),
(119, 4),
(234, 4),
(349, 4),
(5, 5),
(120, 5),
(235, 5),
(350, 5),
(6, 6),
(121, 6),
(236, 6),
(351, 6),
(7, 7),
(122, 7),
(237, 7),
(352, 7),
(8, 8),
(123, 8),
(238, 8),
(353, 8),
(9, 9),
(124, 9),
(239, 9),
(354, 9),
(10, 10),
(125, 10),
(240, 10),
(355, 10),
(11, 11),
(126, 11),
(241, 11),
(356, 11),
(12, 12),
(127, 12),
(242, 12),
(357, 12),
(13, 13),
(128, 13),
(243, 13),
(358, 13),
(14, 14),
(129, 14),
(244, 14),
(359, 14),
(15, 15),
(130, 15),
(245, 15),
(360, 15),
(16, 16),
(131, 16),
(246, 16),
(361, 16),
(17, 17),
(132, 17),
(247, 17),
(362, 17),
(18, 18),
(133, 18),
(248, 18),
(363, 18),
(19, 19),
(134, 19),
(249, 19),
(364, 19),
(20, 20),
(135, 20),
(250, 20),
(365, 20),
(21, 21),
(136, 21),
(251, 21),
(366, 21),
(22, 22),
(137, 22),
(252, 22),
(367, 22),
(23, 23),
(138, 23),
(253, 23),
(368, 23),
(24, 24),
(139, 24),
(254, 24),
(369, 24),
(25, 25),
(140, 25),
(255, 25),
(370, 25),
(26, 26),
(141, 26),
(256, 26),
(371, 26),
(27, 27),
(142, 27),
(257, 27),
(372, 27),
(28, 28),
(143, 28),
(258, 28),
(373, 28),
(29, 29),
(144, 29),
(259, 29),
(374, 29),
(30, 30),
(145, 30),
(260, 30),
(375, 30),
(31, 31),
(146, 31),
(261, 31),
(376, 31),
(32, 32),
(147, 32),
(262, 32),
(377, 32),
(33, 33),
(148, 33),
(263, 33),
(378, 33),
(34, 34),
(149, 34),
(264, 34),
(379, 34),
(35, 35),
(150, 35),
(265, 35),
(380, 35),
(36, 36),
(151, 36),
(266, 36),
(381, 36),
(37, 37),
(152, 37),
(267, 37),
(382, 37),
(38, 38),
(153, 38),
(268, 38),
(383, 38),
(39, 39),
(154, 39),
(269, 39),
(384, 39),
(40, 40),
(155, 40),
(270, 40),
(385, 40),
(41, 41),
(156, 41),
(271, 41),
(386, 41),
(42, 42),
(157, 42),
(272, 42),
(387, 42),
(43, 43),
(158, 43),
(273, 43),
(388, 43),
(44, 44),
(159, 44),
(274, 44),
(389, 44),
(45, 45),
(160, 45),
(275, 45),
(390, 45),
(46, 46),
(161, 46),
(276, 46),
(391, 46),
(47, 47),
(162, 47),
(277, 47),
(392, 47),
(48, 48),
(163, 48),
(278, 48),
(393, 48),
(49, 49),
(164, 49),
(279, 49),
(394, 49),
(50, 50),
(165, 50),
(280, 50),
(395, 50),
(51, 51),
(166, 51),
(281, 51),
(396, 51),
(52, 52),
(167, 52),
(282, 52),
(397, 52),
(53, 53),
(168, 53),
(283, 53),
(398, 53),
(54, 54),
(169, 54),
(284, 54),
(399, 54),
(55, 55),
(170, 55),
(285, 55),
(400, 55),
(56, 56),
(171, 56),
(286, 56),
(401, 56),
(57, 57),
(172, 57),
(287, 57),
(402, 57),
(58, 58),
(173, 58),
(288, 58),
(403, 58),
(59, 59),
(174, 59),
(289, 59),
(404, 59),
(60, 60),
(175, 60),
(290, 60),
(405, 60),
(61, 61),
(176, 61),
(291, 61),
(406, 61),
(62, 62),
(177, 62),
(292, 62),
(407, 62),
(63, 63),
(178, 63),
(293, 63),
(408, 63),
(64, 64),
(179, 64),
(294, 64),
(409, 64),
(65, 65),
(180, 65),
(295, 65),
(410, 65),
(66, 66),
(181, 66),
(296, 66),
(411, 66),
(67, 67),
(182, 67),
(297, 67),
(412, 67),
(68, 68),
(183, 68),
(298, 68),
(413, 68),
(69, 69),
(184, 69),
(299, 69),
(414, 69),
(70, 70),
(185, 70),
(300, 70),
(415, 70),
(71, 71),
(186, 71),
(301, 71),
(416, 71),
(72, 72),
(187, 72),
(302, 72),
(417, 72),
(73, 73),
(188, 73),
(303, 73),
(418, 73),
(74, 74),
(189, 74),
(304, 74),
(419, 74),
(75, 75),
(190, 75),
(305, 75),
(420, 75),
(76, 76),
(191, 76),
(306, 76),
(421, 76),
(77, 77),
(192, 77),
(307, 77),
(422, 77),
(78, 78),
(193, 78),
(308, 78),
(423, 78),
(79, 79),
(194, 79),
(309, 79),
(424, 79),
(80, 80),
(195, 80),
(310, 80),
(425, 80),
(81, 81),
(196, 81),
(311, 81),
(426, 81),
(82, 82),
(197, 82),
(312, 82),
(427, 82),
(83, 83),
(198, 83),
(313, 83),
(428, 83),
(84, 84),
(199, 84),
(314, 84),
(429, 84),
(85, 85),
(200, 85),
(315, 85),
(430, 85),
(86, 86),
(201, 86),
(316, 86),
(431, 86),
(87, 87),
(202, 87),
(317, 87),
(432, 87),
(88, 88),
(203, 88),
(318, 88),
(433, 88),
(89, 89),
(204, 89),
(319, 89),
(434, 89),
(90, 90),
(205, 90),
(320, 90),
(435, 90),
(91, 91),
(206, 91),
(321, 91),
(436, 91),
(92, 92),
(207, 92),
(322, 92),
(437, 92),
(93, 93),
(208, 93),
(323, 93),
(438, 93),
(94, 94),
(209, 94),
(324, 94),
(439, 94),
(95, 95),
(210, 95),
(325, 95),
(440, 95),
(96, 96),
(211, 96),
(326, 96),
(441, 96),
(97, 97),
(212, 97),
(327, 97),
(442, 97),
(98, 98),
(213, 98),
(328, 98),
(443, 98),
(99, 99),
(214, 99),
(329, 99),
(444, 99),
(100, 100),
(215, 100),
(330, 100),
(445, 100),
(101, 101),
(216, 101),
(331, 101),
(446, 101),
(102, 102),
(217, 102),
(332, 102),
(447, 102),
(103, 103),
(218, 103),
(333, 103),
(448, 103),
(104, 104),
(219, 104),
(334, 104),
(449, 104),
(105, 105),
(220, 105),
(335, 105),
(450, 105),
(106, 106),
(221, 106),
(336, 106),
(451, 106),
(107, 107),
(222, 107),
(337, 107),
(452, 107),
(108, 108),
(223, 108),
(338, 108),
(453, 108),
(109, 109),
(224, 109),
(339, 109),
(454, 109),
(110, 110),
(225, 110),
(340, 110),
(455, 110),
(111, 111),
(226, 111),
(341, 111),
(456, 111),
(112, 112),
(227, 112),
(342, 112),
(457, 112),
(113, 113),
(228, 113),
(343, 113),
(458, 113),
(114, 114),
(229, 114),
(344, 114),
(459, 114),
(115, 115),
(230, 115),
(345, 115),
(460, 115);

-- --------------------------------------------------------

--
-- Table structure for table `round`
--

CREATE TABLE `round` (
  `roundNo` int(11) NOT NULL,
  `categoryID` int(11) NOT NULL,
  `date` date NOT NULL,
  `archerID` int(11) NOT NULL,
  `roundID` int(11) NOT NULL,
  `officialScore` tinyint(4) NOT NULL DEFAULT 0
) ENGINE=InnoDB DEFAULT CHARSET=latin1 COLLATE=latin1_swedish_ci;

--
-- Dumping data for table `round`
--

INSERT INTO `round` (`roundNo`, `categoryID`, `date`, `archerID`, `roundID`, `officialScore`) VALUES
(1, 1, '2022-03-12', 1, 1, 0),
(2, 6, '2022-05-20', 2, 2, 0),
(3, 12, '2023-04-21', 7, 3, 0),
(4, 16, '2023-04-21', 1, 4, 1),
(5, 23, '2023-04-21', 13, 5, 0),
(6, 29, '2023-05-22', 11, 6, 0),
(7, 33, '2023-05-22', 19, 7, 0),
(8, 40, '2023-05-22', 22, 8, 0),
(9, 41, '2023-06-23', 25, 9, 0),
(10, 47, '2023-06-23', 29, 10, 0),
(11, 51, '2023-06-23', 31, 11, 0),
(12, 59, '2023-07-24', 34, 12, 0),
(13, 64, '2023-07-24', 33, 13, 0),
(14, 67, '2023-07-24', 36, 13, 0),
(15, 73, '2023-08-26', 38, 6, 0),
(16, 80, '2023-08-27', 42, 7, 0),
(17, 2, '2022-08-08', 20, 4, 1),
(18, 2, '2022-06-13', 11, 2, 0),
(19, 1, '2022-10-19', 3, 4, 1),
(20, 1, '2022-08-21', 4, 4, 1),
(21, 1, '2023-04-12', 9, 5, 0),
(22, 1, '2022-06-27', 12, 5, 0),
(23, 2, '2023-01-29', 5, 5, 0),
(24, 1, '2022-08-31', 7, 1, 0),
(25, 2, '2022-10-29', 2, 3, 0),
(26, 1, '2022-10-02', 13, 4, 1),
(27, 1, '2022-11-29', 15, 4, 1),
(28, 1, '2023-03-19', 18, 3, 0),
(29, 2, '2023-03-14', 9, 4, 1),
(30, 1, '2022-06-16', 3, 5, 0),
(31, 1, '2023-02-20', 7, 3, 0),
(32, 1, '2022-06-03', 6, 5, 0),
(33, 2, '2022-10-07', 3, 4, 1),
(34, 2, '2022-06-01', 20, 5, 0),
(35, 2, '2022-09-19', 4, 5, 0),
(36, 2, '2022-09-16', 11, 1, 0),
(37, 2, '2023-03-03', 13, 5, 0),
(38, 2, '2022-09-14', 8, 1, 0),
(39, 2, '2022-08-27', 1, 5, 0),
(40, 1, '2023-02-23', 4, 5, 0),
(41, 1, '2023-02-22', 6, 4, 1),
(42, 2, '2022-11-12', 3, 5, 0),
(43, 1, '2023-03-23', 6, 1, 0),
(44, 1, '2022-07-23', 20, 3, 0),
(45, 1, '2022-08-24', 5, 2, 0),
(46, 2, '2022-08-19', 20, 2, 0),
(47, 2, '2023-02-23', 14, 1, 0),
(48, 2, '2022-06-14', 18, 4, 1),
(49, 2, '2023-01-03', 8, 3, 0),
(50, 2, '2022-10-05', 1, 2, 0),
(51, 2, '2022-11-02', 1, 5, 1),
(52, 2, '2023-02-02', 3, 1, 1),
(53, 1, '2022-08-22', 5, 3, 1),
(54, 2, '2023-03-21', 17, 3, 1),
(55, 2, '2022-05-23', 20, 3, 1),
(56, 1, '2022-05-27', 7, 5, 1),
(57, 1, '2022-09-28', 6, 2, 1),
(58, 1, '2022-06-29', 11, 4, 1),
(59, 1, '2022-11-26', 3, 1, 1),
(60, 1, '2022-07-19', 8, 1, 1),
(61, 2, '2022-12-29', 20, 3, 1),
(62, 1, '2023-02-15', 12, 2, 1),
(63, 2, '2022-09-30', 18, 5, 1),
(64, 1, '2022-05-03', 20, 3, 1),
(65, 2, '2023-04-25', 12, 2, 1),
(66, 2, '2023-03-15', 5, 1, 1),
(67, 1, '2023-04-13', 15, 3, 1),
(68, 2, '2022-05-14', 1, 5, 1),
(69, 1, '2022-07-15', 14, 4, 1),
(70, 1, '2022-11-12', 17, 4, 1),
(71, 2, '2022-07-19', 10, 3, 1),
(72, 2, '2022-12-15', 7, 2, 1),
(73, 1, '2022-11-12', 19, 3, 1),
(74, 2, '2022-12-17', 7, 4, 1),
(75, 2, '2022-04-30', 18, 1, 1),
(76, 2, '2022-05-10', 11, 5, 1),
(77, 2, '2023-01-22', 18, 5, 1),
(78, 1, '2022-09-20', 12, 5, 1),
(79, 1, '2022-10-29', 16, 4, 1),
(80, 1, '2023-04-13', 7, 2, 1),
(81, 1, '2023-02-15', 13, 5, 1),
(82, 1, '2022-11-26', 13, 3, 1),
(83, 2, '2023-02-12', 19, 2, 1),
(84, 1, '2022-09-15', 1, 5, 1),
(85, 2, '2023-02-01', 8, 5, 1),
(86, 1, '2023-01-03', 2, 4, 1),
(87, 1, '2023-02-03', 11, 3, 1),
(88, 2, '2022-09-05', 8, 1, 1),
(89, 1, '2022-06-19', 5, 1, 1),
(90, 2, '2023-03-08', 20, 2, 1),
(91, 1, '2023-04-03', 2, 1, 1),
(92, 1, '2022-07-04', 17, 5, 1),
(93, 2, '2023-01-31', 1, 2, 1),
(94, 1, '2022-08-16', 20, 2, 1),
(95, 2, '2023-03-28', 12, 1, 1),
(96, 1, '2023-04-11', 6, 3, 1),
(97, 2, '2022-07-16', 1, 1, 1),
(98, 2, '2022-07-30', 16, 1, 1),
(99, 2, '2022-07-01', 14, 3, 1),
(100, 1, '2022-06-28', 3, 3, 1),
(101, 1, '2022-07-15', 16, 5, 1),
(102, 1, '2023-04-04', 12, 4, 1),
(103, 2, '2023-02-11', 10, 5, 1),
(104, 1, '2022-09-18', 19, 2, 1),
(105, 1, '2022-06-20', 3, 5, 1),
(106, 1, '2022-08-27', 7, 3, 1),
(107, 2, '2022-11-16', 2, 4, 1),
(108, 2, '2022-10-15', 1, 4, 1),
(109, 1, '2022-08-06', 8, 3, 1),
(110, 1, '2022-06-25', 4, 1, 1),
(111, 2, '2022-08-25', 7, 3, 1),
(112, 2, '2022-08-30', 1, 4, 1),
(113, 2, '2023-03-24', 9, 2, 1),
(114, 2, '2022-08-28', 7, 5, 1),
(115, 2, '2022-05-24', 15, 5, 1);

-- --------------------------------------------------------

--
-- Table structure for table `round_lookup`
--

CREATE TABLE `round_lookup` (
  `roundID` int(11) NOT NULL,
  `roundName` varchar(25) NOT NULL
) ENGINE=InnoDB DEFAULT CHARSET=latin1 COLLATE=latin1_swedish_ci;

--
-- Dumping data for table `round_lookup`
--

INSERT INTO `round_lookup` (`roundID`, `roundName`) VALUES
(1, 'WA90/1440'),
(2, 'WA70/1440'),
(3, 'WA60/1440'),
(4, 'AA50/1440'),
(5, 'AA40/1440'),
(6, 'Long Sydney'),
(7, 'Sydney'),
(8, 'Long Brisbane'),
(9, 'Brisbane'),
(10, 'Adelaide'),
(11, 'Short Adelaide'),
(12, 'Hobart'),
(13, 'Perth');

-- --------------------------------------------------------

--
-- Table structure for table `state`
--

CREATE TABLE `state` (
  `equivalenceID` int(11) NOT NULL,
  `state` tinyint(4) NOT NULL DEFAULT 0
) ENGINE=InnoDB DEFAULT CHARSET=latin1 COLLATE=latin1_swedish_ci;

--
-- Dumping data for table `state`
--

INSERT INTO `state` (`equivalenceID`, `state`) VALUES
(1, 1),
(2, 1),
(3, 1),
(4, 1);

-- --------------------------------------------------------

--
-- Table structure for table `targetface_lookup`
--

CREATE TABLE `targetface_lookup` (
  `targetFaceID` int(11) NOT NULL,
  `targetFace` varchar(25) NOT NULL
) ENGINE=InnoDB DEFAULT CHARSET=latin1 COLLATE=latin1_swedish_ci;

--
-- Dumping data for table `targetface_lookup`
--

INSERT INTO `targetface_lookup` (`targetFaceID`, `targetFace`) VALUES
(1, '122'),
(2, '80');

-- --------------------------------------------------------

--
-- Table structure for table `winner`
--

CREATE TABLE `winner` (
  `roundNo` int(11) NOT NULL,
  `compID` int(11) NOT NULL,
  `archerID` int(11) NOT NULL
) ENGINE=InnoDB DEFAULT CHARSET=latin1 COLLATE=latin1_swedish_ci;

--
-- Dumping data for table `winner`
--

INSERT INTO `winner` (`roundNo`, `compID`, `archerID`) VALUES
(19, 1, 47),
(1, 4, 10),
(2, 7, 10),
(3, 8, 3);

--
-- Indexes for dumped tables
--

--
-- Indexes for table `archer`
--
ALTER TABLE `archer`
  ADD PRIMARY KEY (`archerID`),
  ADD KEY `genderID` (`genderID`);

--
-- Indexes for table `category_lookup`
--
ALTER TABLE `category_lookup`
  ADD PRIMARY KEY (`categoryID`),
  ADD KEY `divisionID` (`divisionID`),
  ADD KEY `classID` (`classID`);

--
-- Indexes for table `class_lookup`
--
ALTER TABLE `class_lookup`
  ADD PRIMARY KEY (`classID`);

--
-- Indexes for table `club_championship`
--
ALTER TABLE `club_championship`
  ADD PRIMARY KEY (`compID`);

--
-- Indexes for table `competition`
--
ALTER TABLE `competition`
  ADD PRIMARY KEY (`roundNo`),
  ADD KEY `compID` (`compID`);

--
-- Indexes for table `distance_lookup`
--
ALTER TABLE `distance_lookup`
  ADD PRIMARY KEY (`distanceID`);

--
-- Indexes for table `division_lookup`
--
ALTER TABLE `division_lookup`
  ADD PRIMARY KEY (`divisionID`);

--
-- Indexes for table `end`
--
ALTER TABLE `end`
  ADD PRIMARY KEY (`arrowNo`) USING BTREE,
  ADD KEY `distanceID` (`distanceID`),
  ADD KEY `targetFaceID` (`targetFaceID`),
  ADD KEY `rangeNo` (`rangeNo`);

--
-- Indexes for table `equivalence`
--
ALTER TABLE `equivalence`
  ADD PRIMARY KEY (`indexID`),
  ADD KEY `equivalenceID` (`equivalenceID`),
  ADD KEY `roundID` (`roundID`),
  ADD KEY `categoryID` (`categoryID`);

--
-- Indexes for table `gender_lookup`
--
ALTER TABLE `gender_lookup`
  ADD PRIMARY KEY (`genderID`);

--
-- Indexes for table `range`
--
ALTER TABLE `range`
  ADD PRIMARY KEY (`rangeNo`),
  ADD KEY `roundNo` (`roundNo`);

--
-- Indexes for table `round`
--
ALTER TABLE `round`
  ADD PRIMARY KEY (`roundNo`,`roundID`),
  ADD KEY `archerID` (`archerID`),
  ADD KEY `categoryID` (`categoryID`),
  ADD KEY `roundID` (`roundID`),
  ADD KEY `officialScore` (`officialScore`);

--
-- Indexes for table `round_lookup`
--
ALTER TABLE `round_lookup`
  ADD PRIMARY KEY (`roundID`);

--
-- Indexes for table `state`
--
ALTER TABLE `state`
  ADD PRIMARY KEY (`equivalenceID`);

--
-- Indexes for table `targetface_lookup`
--
ALTER TABLE `targetface_lookup`
  ADD PRIMARY KEY (`targetFaceID`);

--
-- Indexes for table `winner`
--
ALTER TABLE `winner`
  ADD PRIMARY KEY (`compID`),
  ADD KEY `archerID` (`archerID`),
  ADD KEY `roundNo` (`roundNo`);

--
-- AUTO_INCREMENT for dumped tables
--

--
-- AUTO_INCREMENT for table `archer`
--
ALTER TABLE `archer`
  MODIFY `archerID` int(11) NOT NULL AUTO_INCREMENT, AUTO_INCREMENT=49;

--
-- AUTO_INCREMENT for table `category_lookup`
--
ALTER TABLE `category_lookup`
  MODIFY `categoryID` int(11) NOT NULL AUTO_INCREMENT, AUTO_INCREMENT=81;

--
-- AUTO_INCREMENT for table `class_lookup`
--
ALTER TABLE `class_lookup`
  MODIFY `classID` int(11) NOT NULL AUTO_INCREMENT, AUTO_INCREMENT=17;

--
-- AUTO_INCREMENT for table `distance_lookup`
--
ALTER TABLE `distance_lookup`
  MODIFY `distanceID` int(11) NOT NULL AUTO_INCREMENT, AUTO_INCREMENT=8;

--
-- AUTO_INCREMENT for table `division_lookup`
--
ALTER TABLE `division_lookup`
  MODIFY `divisionID` int(11) NOT NULL AUTO_INCREMENT, AUTO_INCREMENT=6;

--
-- AUTO_INCREMENT for table `end`
--
ALTER TABLE `end`
  MODIFY `arrowNo` int(11) NOT NULL AUTO_INCREMENT, AUTO_INCREMENT=5521;

--
-- AUTO_INCREMENT for table `equivalence`
--
ALTER TABLE `equivalence`
  MODIFY `indexID` int(11) NOT NULL AUTO_INCREMENT, AUTO_INCREMENT=23;

--
-- AUTO_INCREMENT for table `gender_lookup`
--
ALTER TABLE `gender_lookup`
  MODIFY `genderID` int(11) NOT NULL AUTO_INCREMENT, AUTO_INCREMENT=3;

--
-- AUTO_INCREMENT for table `range`
--
ALTER TABLE `range`
  MODIFY `rangeNo` int(11) NOT NULL AUTO_INCREMENT, AUTO_INCREMENT=461;

--
-- AUTO_INCREMENT for table `round`
--
ALTER TABLE `round`
  MODIFY `roundNo` int(11) NOT NULL AUTO_INCREMENT, AUTO_INCREMENT=116;

--
-- AUTO_INCREMENT for table `round_lookup`
--
ALTER TABLE `round_lookup`
  MODIFY `roundID` int(11) NOT NULL AUTO_INCREMENT, AUTO_INCREMENT=14;

--
-- AUTO_INCREMENT for table `state`
--
ALTER TABLE `state`
  MODIFY `equivalenceID` int(11) NOT NULL AUTO_INCREMENT, AUTO_INCREMENT=5;

--
-- AUTO_INCREMENT for table `targetface_lookup`
--
ALTER TABLE `targetface_lookup`
  MODIFY `targetFaceID` int(11) NOT NULL AUTO_INCREMENT, AUTO_INCREMENT=3;

--
-- AUTO_INCREMENT for table `winner`
--
ALTER TABLE `winner`
  MODIFY `compID` int(11) NOT NULL AUTO_INCREMENT, AUTO_INCREMENT=9;

--
-- Constraints for dumped tables
--

--
-- Constraints for table `archer`
--
ALTER TABLE `archer`
  ADD CONSTRAINT `archer_ibfk_1` FOREIGN KEY (`genderID`) REFERENCES `gender_lookup` (`genderID`);

--
-- Constraints for table `category_lookup`
--
ALTER TABLE `category_lookup`
  ADD CONSTRAINT `category_lookup_ibfk_1` FOREIGN KEY (`divisionID`) REFERENCES `division_lookup` (`divisionID`),
  ADD CONSTRAINT `category_lookup_ibfk_2` FOREIGN KEY (`classID`) REFERENCES `class_lookup` (`classID`);

--
-- Constraints for table `club_championship`
--
ALTER TABLE `club_championship`
  ADD CONSTRAINT `club_championship_ibfk_1` FOREIGN KEY (`compID`) REFERENCES `competition` (`compID`);

--
-- Constraints for table `competition`
--
ALTER TABLE `competition`
  ADD CONSTRAINT `competition_ibfk_1` FOREIGN KEY (`roundNo`) REFERENCES `round` (`roundNo`);

--
-- Constraints for table `end`
--
ALTER TABLE `end`
  ADD CONSTRAINT `end_ibfk_1` FOREIGN KEY (`distanceID`) REFERENCES `distance_lookup` (`distanceID`),
  ADD CONSTRAINT `end_ibfk_2` FOREIGN KEY (`rangeNo`) REFERENCES `range` (`rangeNo`),
  ADD CONSTRAINT `end_ibfk_4` FOREIGN KEY (`targetFaceID`) REFERENCES `targetface_lookup` (`targetFaceID`) ON UPDATE CASCADE;

--
-- Constraints for table `equivalence`
--
ALTER TABLE `equivalence`
  ADD CONSTRAINT `equivalence_ibfk_1` FOREIGN KEY (`equivalenceID`) REFERENCES `state` (`equivalenceID`),
  ADD CONSTRAINT `equivalence_ibfk_2` FOREIGN KEY (`roundID`) REFERENCES `round_lookup` (`roundID`),
  ADD CONSTRAINT `equivalence_ibfk_3` FOREIGN KEY (`categoryID`) REFERENCES `category_lookup` (`categoryID`);

--
-- Constraints for table `range`
--
ALTER TABLE `range`
  ADD CONSTRAINT `range_ibfk_2` FOREIGN KEY (`roundNo`) REFERENCES `round` (`roundNo`);

--
-- Constraints for table `round`
--
ALTER TABLE `round`
  ADD CONSTRAINT `round_ibfk_1` FOREIGN KEY (`archerID`) REFERENCES `archer` (`archerID`),
  ADD CONSTRAINT `round_ibfk_2` FOREIGN KEY (`categoryID`) REFERENCES `category_lookup` (`categoryID`),
  ADD CONSTRAINT `round_ibfk_3` FOREIGN KEY (`roundID`) REFERENCES `round_lookup` (`roundID`);

--
-- Constraints for table `winner`
--
ALTER TABLE `winner`
  ADD CONSTRAINT `winner_ibfk_1` FOREIGN KEY (`archerID`) REFERENCES `archer` (`archerID`),
  ADD CONSTRAINT `winner_ibfk_2` FOREIGN KEY (`roundNo`) REFERENCES `round` (`roundNo`);
COMMIT;

/*!40101 SET CHARACTER_SET_CLIENT=@OLD_CHARACTER_SET_CLIENT */;
/*!40101 SET CHARACTER_SET_RESULTS=@OLD_CHARACTER_SET_RESULTS */;
/*!40101 SET COLLATION_CONNECTION=@OLD_COLLATION_CONNECTION */;
